shot_id,set_id,set_name,district,shot_class,camera,time,season,dramatic_use,cast_capacity,character_safe_area,ground_horizon,layers,clean_plate,status
JV-TWN-STL-EST-EW-DAY-V001,JV-TWN,Joeville Town,Townwide,extreme-wide establishing,24mm-equivalent elevated,clear late-morning,summer master,"overview, montage, geographic orientation",13,large center-safe ensemble zone,author against runtime projection; provisional horizon 56% until integration upgrade,far_bg|bg|midground|character_plane|foreground|fx|lighting|shadow,required,PLANNED-NOT-CREATED
JV-TWN-STL-EST-EW-GOLD-V001,JV-TWN,Joeville Town,Townwide,extreme-wide establishing,24mm-equivalent elevated,golden hour,summer master,"overview, montage, geographic orientation",13,large center-safe ensemble zone,author against runtime projection; provisional horizon 56% until integration upgrade,far_bg|bg|midground|character_plane|foreground|fx|lighting|shadow,required,PLANNED-NOT-CREATED
JV-TWN-STL-EST-EW-NIGHT-V001,JV-TWN,Joeville Town,Townwide,extreme-wide establishing,24mm-equivalent elevated,blue-hour-to-night,summer master,"overview, montage, geographic orientation",13,large center-safe ensemble zone,author against runtime projection; provisional horizon 56% until integration upgrade,far_bg|bg|midground|character_plane|foreground|fx|lighting|shadow,required,PLANNED-NOT-CREATED
JV-TWN-STL-EXT-MAS-DAY-V001,JV-TWN,Joeville Town,Townwide,exterior master,28mm-equivalent eye-level,clear late-morning,summer master,"overview, montage, geographic orientation",13,arrival path and doorway clear,author against runtime projection; provisional horizon 56% until integration upgrade,far_bg|bg|midground|character_plane|foreground|fx|lighting|shadow,required,PLANNED-NOT-CREATED
JV-TWN-STL-EXT-MAS-GOLD-V001,JV-TWN,Joeville Town,Townwide,exterior master,28mm-equivalent eye-level,golden hour,summer master,"overview, montage, geographic orientation",13,arrival path and doorway clear,author against runtime projection; provisional horizon 56% until integration upgrade,far_bg|bg|midground|character_plane|foreground|fx|lighting|shadow,required,PLANNED-NOT-CREATED
JV-TWN-STL-EXT-MAS-NIGHT-V001,JV-TWN,Joeville Town,Townwide,exterior master,28mm-equivalent eye-level,blue-hour-to-night,summer master,"overview, montage, geographic orientation",13,arrival path and doorway clear,author against runtime projection; provisional horizon 56% until integration upgrade,far_bg|bg|midground|character_plane|foreground|fx|lighting|shadow,required,PLANNED-NOT-CREATED
JV-TWN-STL-EXT-REV-DAY-V001,JV-TWN,Joeville Town,Townwide,exterior reverse,35mm-equivalent eye-level,clear late-morning,summer master,"overview, montage, geographic orientation",13,departure path and town orientation clear,author against runtime projection; provisional horizon 56% until integration upgrade,far_bg|bg|midground|character_plane|foreground|fx|lighting|shadow,required,PLANNED-NOT-CREATED
JV-TWN-STL-INT-MAS-DAY-V001,JV-TWN,Joeville Town,Townwide,interior or primary-area master,28mm-equivalent,clear late-morning,summer master,"overview, montage, geographic orientation",13,full walkable floor and all exits visible,author against runtime projection; provisional horizon 56% until integration upgrade,far_bg|bg|midground|character_plane|foreground|fx|lighting|shadow,required,PLANNED-NOT-CREATED
JV-TWN-STL-INT-MAS-GOLD-V001,JV-TWN,Joeville Town,Townwide,interior or primary-area master,28mm-equivalent,golden hour,summer master,"overview, montage, geographic orientation",13,full walkable floor and all exits visible,author against runtime projection; provisional horizon 56% until integration upgrade,far_bg|bg|midground|character_plane|foreground|fx|lighting|shadow,required,PLANNED-NOT-CREATED
JV-TWN-STL-INT-MAS-NIGHT-V001,JV-TWN,Joeville Town,Townwide,interior or primary-area master,28mm-equivalent,blue-hour-to-night,summer master,"overview, montage, geographic orientation",13,full walkable floor and all exits visible,author against runtime projection; provisional horizon 56% until integration upgrade,far_bg|bg|midground|character_plane|foreground|fx|lighting|shadow,required,PLANNED-NOT-CREATED
JV-TWN-STL-INT-REV-DAY-V001,JV-TWN,Joeville Town,Townwide,reverse master,32mm-equivalent,clear late-morning,summer master,"overview, montage, geographic orientation",13,reverse eyelines and window continuity,author against runtime projection; provisional horizon 56% until integration upgrade,far_bg|bg|midground|character_plane|foreground|fx|lighting|shadow,required,PLANNED-NOT-CREATED
JV-TWN-STL-DLG-2S-DAY-V001,JV-TWN,Joeville Town,Townwide,clean dialogue two-shot,50mm-equivalent,clear late-morning,summer master,"overview, montage, geographic orientation",13,two 34x52-cell figures plus gesture clearance,author against runtime projection; provisional horizon 56% until integration upgrade,far_bg|bg|midground|character_plane|foreground|fx|lighting|shadow,required,PLANNED-NOT-CREATED
JV-TWN-STL-DLG-OTS-L-DAY-V001,JV-TWN,Joeville Town,Townwide,clean over-shoulder left,65mm-equivalent,clear late-morning,summer master,"overview, montage, geographic orientation",13,left foreground occluder delivered separately,author against runtime projection; provisional horizon 56% until integration upgrade,far_bg|bg|midground|character_plane|foreground|fx|lighting|shadow,required,PLANNED-NOT-CREATED
JV-TWN-STL-DLG-OTS-R-DAY-V001,JV-TWN,Joeville Town,Townwide,clean over-shoulder right,65mm-equivalent,clear late-morning,summer master,"overview, montage, geographic orientation",13,right foreground occluder delivered separately,author against runtime projection; provisional horizon 56% until integration upgrade,far_bg|bg|midground|character_plane|foreground|fx|lighting|shadow,required,PLANNED-NOT-CREATED
JV-TWN-STL-DLG-GRP-DAY-V001,JV-TWN,Joeville Town,Townwide,three-to-five group dialogue,40mm-equivalent,clear late-morning,summer master,"overview, montage, geographic orientation",13,five anchors with non-crossing eyelines,author against runtime projection; provisional horizon 56% until integration upgrade,far_bg|bg|midground|character_plane|foreground|fx|lighting|shadow,required,PLANNED-NOT-CREATED
JV-TWN-STL-ENS-13-DAY-V001,JV-TWN,Joeville Town,Townwide,full-cast ensemble master,28mm-equivalent,clear late-morning,summer master,"overview, montage, geographic orientation",13,thirteen anchors; only where capacity allows,author against runtime projection; provisional horizon 56% until integration upgrade,far_bg|bg|midground|character_plane|foreground|fx|lighting|shadow,required,PLANNED-NOT-CREATED
JV-TWN-STL-MOVE-LR-DAY-V001,JV-TWN,Joeville Town,Townwide,side-tracking movement plate,35mm orthogonal-feel,clear late-morning,summer master,"overview, montage, geographic orientation",13,unbroken lateral path across 70 percent width,author against runtime projection; provisional horizon 56% until integration upgrade,far_bg|bg|midground|character_plane|foreground|fx|lighting|shadow,required,PLANNED-NOT-CREATED
JV-TWN-STL-POV-DAY-V001,JV-TWN,Joeville Town,Townwide,character point of view,45mm-equivalent,clear late-morning,summer master,"overview, montage, geographic orientation",13,no baked character; clear focal subject,author against runtime projection; provisional horizon 56% until integration upgrade,far_bg|bg|midground|character_plane|foreground|fx|lighting|shadow,required,PLANNED-NOT-CREATED
JV-TWN-STL-INS-SGN-DAY-V001,JV-TWN,Joeville Town,Townwide,controlled signage insert,70mm-equivalent,clear late-morning,summer master,"overview, montage, geographic orientation",13,blank sign substrate for graphic pass,author against runtime projection; provisional horizon 56% until integration upgrade,far_bg|bg|midground|character_plane|foreground|fx|lighting|shadow,required,PLANNED-NOT-CREATED
JV-TWN-STL-CLN-DAY-V001,JV-TWN,Joeville Town,Townwide,empty clean plate,matching master lens,clear late-morning,summer master,"overview, montage, geographic orientation",13,no people or characters; restoration-ready,author against runtime projection; provisional horizon 56% until integration upgrade,far_bg|bg|midground|character_plane|foreground|fx|lighting|shadow,required,PLANNED-NOT-CREATED
JV-TWN-STL-CLN-GOLD-V001,JV-TWN,Joeville Town,Townwide,empty clean plate,matching master lens,golden hour,summer master,"overview, montage, geographic orientation",13,no people or characters; restoration-ready,author against runtime projection; provisional horizon 56% until integration upgrade,far_bg|bg|midground|character_plane|foreground|fx|lighting|shadow,required,PLANNED-NOT-CREATED
JV-TWN-STL-CLN-NIGHT-V001,JV-TWN,Joeville Town,Townwide,empty clean plate,matching master lens,blue-hour-to-night,summer master,"overview, montage, geographic orientation",13,no people or characters; restoration-ready,author against runtime projection; provisional horizon 56% until integration upgrade,far_bg|bg|midground|character_plane|foreground|fx|lighting|shadow,required,PLANNED-NOT-CREATED
JV-COF-STL-EST-EW-DAY-V001,JV-COF,Lantern & Lark Coffee,Downtown,extreme-wide establishing,24mm-equivalent elevated,clear late-morning,summer master,"intimacy, work, comic ordering",5,large center-safe ensemble zone,author against runtime projection; provisional horizon 56% until integration upgrade,far_bg|bg|midground|character_plane|foreground|fx|lighting|shadow,required,PLANNED-NOT-CREATED
JV-COF-STL-EST-EW-GOLD-V001,JV-COF,Lantern & Lark Coffee,Downtown,extreme-wide establishing,24mm-equivalent elevated,golden hour,summer master,"intimacy, work, comic ordering",5,large center-safe ensemble zone,author against runtime projection; provisional horizon 56% until integration upgrade,far_bg|bg|midground|character_plane|foreground|fx|lighting|shadow,required,PLANNED-NOT-CREATED
JV-COF-STL-EST-EW-NIGHT-V001,JV-COF,Lantern & Lark Coffee,Downtown,extreme-wide establishing,24mm-equivalent elevated,blue-hour-to-night,summer master,"intimacy, work, comic ordering",5,large center-safe ensemble zone,author against runtime projection; provisional horizon 56% until integration upgrade,far_bg|bg|midground|character_plane|foreground|fx|lighting|shadow,required,PLANNED-NOT-CREATED
JV-COF-STL-EXT-MAS-DAY-V001,JV-COF,Lantern & Lark Coffee,Downtown,exterior master,28mm-equivalent eye-level,clear late-morning,summer master,"intimacy, work, comic ordering",5,arrival path and doorway clear,author against runtime projection; provisional horizon 56% until integration upgrade,far_bg|bg|midground|character_plane|foreground|fx|lighting|shadow,required,PLANNED-NOT-CREATED
JV-COF-STL-EXT-MAS-GOLD-V001,JV-COF,Lantern & Lark Coffee,Downtown,exterior master,28mm-equivalent eye-level,golden hour,summer master,"intimacy, work, comic ordering",5,arrival path and doorway clear,author against runtime projection; provisional horizon 56% until integration upgrade,far_bg|bg|midground|character_plane|foreground|fx|lighting|shadow,required,PLANNED-NOT-CREATED
JV-COF-STL-EXT-MAS-NIGHT-V001,JV-COF,Lantern & Lark Coffee,Downtown,exterior master,28mm-equivalent eye-level,blue-hour-to-night,summer master,"intimacy, work, comic ordering",5,arrival path and doorway clear,author against runtime projection; provisional horizon 56% until integration upgrade,far_bg|bg|midground|character_plane|foreground|fx|lighting|shadow,required,PLANNED-NOT-CREATED
JV-COF-STL-EXT-REV-DAY-V001,JV-COF,Lantern & Lark Coffee,Downtown,exterior reverse,35mm-equivalent eye-level,clear late-morning,summer master,"intimacy, work, comic ordering",5,departure path and town orientation clear,author against runtime projection; provisional horizon 56% until integration upgrade,far_bg|bg|midground|character_plane|foreground|fx|lighting|shadow,required,PLANNED-NOT-CREATED
JV-COF-STL-INT-MAS-DAY-V001,JV-COF,Lantern & Lark Coffee,Downtown,interior or primary-area master,28mm-equivalent,clear late-morning,summer master,"intimacy, work, comic ordering",5,full walkable floor and all exits visible,author against runtime projection; provisional horizon 56% until integration upgrade,far_bg|bg|midground|character_plane|foreground|fx|lighting|shadow,required,PLANNED-NOT-CREATED
JV-COF-STL-INT-MAS-GOLD-V001,JV-COF,Lantern & Lark Coffee,Downtown,interior or primary-area master,28mm-equivalent,golden hour,summer master,"intimacy, work, comic ordering",5,full walkable floor and all exits visible,author against runtime projection; provisional horizon 56% until integration upgrade,far_bg|bg|midground|character_plane|foreground|fx|lighting|shadow,required,PLANNED-NOT-CREATED
JV-COF-STL-INT-MAS-NIGHT-V001,JV-COF,Lantern & Lark Coffee,Downtown,interior or primary-area master,28mm-equivalent,blue-hour-to-night,summer master,"intimacy, work, comic ordering",5,full walkable floor and all exits visible,author against runtime projection; provisional horizon 56% until integration upgrade,far_bg|bg|midground|character_plane|foreground|fx|lighting|shadow,required,PLANNED-NOT-CREATED
JV-COF-STL-INT-REV-DAY-V001,JV-COF,Lantern & Lark Coffee,Downtown,reverse master,32mm-equivalent,clear late-morning,summer master,"intimacy, work, comic ordering",5,reverse eyelines and window continuity,author against runtime projection; provisional horizon 56% until integration upgrade,far_bg|bg|midground|character_plane|foreground|fx|lighting|shadow,required,PLANNED-NOT-CREATED
JV-COF-STL-DLG-2S-DAY-V001,JV-COF,Lantern & Lark Coffee,Downtown,clean dialogue two-shot,50mm-equivalent,clear late-morning,summer master,"intimacy, work, comic ordering",5,two 34x52-cell figures plus gesture clearance,author against runtime projection; provisional horizon 56% until integration upgrade,far_bg|bg|midground|character_plane|foreground|fx|lighting|shadow,required,PLANNED-NOT-CREATED
JV-COF-STL-DLG-OTS-L-DAY-V001,JV-COF,Lantern & Lark Coffee,Downtown,clean over-shoulder left,65mm-equivalent,clear late-morning,summer master,"intimacy, work, comic ordering",5,left foreground occluder delivered separately,author against runtime projection; provisional horizon 56% until integration upgrade,far_bg|bg|midground|character_plane|foreground|fx|lighting|shadow,required,PLANNED-NOT-CREATED
JV-COF-STL-DLG-OTS-R-DAY-V001,JV-COF,Lantern & Lark Coffee,Downtown,clean over-shoulder right,65mm-equivalent,clear late-morning,summer master,"intimacy, work, comic ordering",5,right foreground occluder delivered separately,author against runtime projection; provisional horizon 56% until integration upgrade,far_bg|bg|midground|character_plane|foreground|fx|lighting|shadow,required,PLANNED-NOT-CREATED
JV-COF-STL-DLG-GRP-DAY-V001,JV-COF,Lantern & Lark Coffee,Downtown,three-to-five group dialogue,40mm-equivalent,clear late-morning,summer master,"intimacy, work, comic ordering",5,five anchors with non-crossing eyelines,author against runtime projection; provisional horizon 56% until integration upgrade,far_bg|bg|midground|character_plane|foreground|fx|lighting|shadow,required,PLANNED-NOT-CREATED
JV-COF-STL-MOVE-LR-DAY-V001,JV-COF,Lantern & Lark Coffee,Downtown,side-tracking movement plate,35mm orthogonal-feel,clear late-morning,summer master,"intimacy, work, comic ordering",5,unbroken lateral path across 70 percent width,author against runtime projection; provisional horizon 56% until integration upgrade,far_bg|bg|midground|character_plane|foreground|fx|lighting|shadow,required,PLANNED-NOT-CREATED
JV-COF-STL-POV-DAY-V001,JV-COF,Lantern & Lark Coffee,Downtown,character point of view,45mm-equivalent,clear late-morning,summer master,"intimacy, work, comic ordering",5,no baked character; clear focal subject,author against runtime projection; provisional horizon 56% until integration upgrade,far_bg|bg|midground|character_plane|foreground|fx|lighting|shadow,required,PLANNED-NOT-CREATED
JV-COF-STL-INS-SGN-DAY-V001,JV-COF,Lantern & Lark Coffee,Downtown,controlled signage insert,70mm-equivalent,clear late-morning,summer master,"intimacy, work, comic ordering",5,blank sign substrate for graphic pass,author against runtime projection; provisional horizon 56% until integration upgrade,far_bg|bg|midground|character_plane|foreground|fx|lighting|shadow,required,PLANNED-NOT-CREATED
JV-COF-STL-CLN-DAY-V001,JV-COF,Lantern & Lark Coffee,Downtown,empty clean plate,matching master lens,clear late-morning,summer master,"intimacy, work, comic ordering",5,no people or characters; restoration-ready,author against runtime projection; provisional horizon 56% until integration upgrade,far_bg|bg|midground|character_plane|foreground|fx|lighting|shadow,required,PLANNED-NOT-CREATED
JV-COF-STL-CLN-GOLD-V001,JV-COF,Lantern & Lark Coffee,Downtown,empty clean plate,matching master lens,golden hour,summer master,"intimacy, work, comic ordering",5,no people or characters; restoration-ready,author against runtime projection; provisional horizon 56% until integration upgrade,far_bg|bg|midground|character_plane|foreground|fx|lighting|shadow,required,PLANNED-NOT-CREATED
JV-COF-STL-CLN-NIGHT-V001,JV-COF,Lantern & Lark Coffee,Downtown,empty clean plate,matching master lens,blue-hour-to-night,summer master,"intimacy, work, comic ordering",5,no people or characters; restoration-ready,author against runtime projection; provisional horizon 56% until integration upgrade,far_bg|bg|midground|character_plane|foreground|fx|lighting|shadow,required,PLANNED-NOT-CREATED
JV-CHA-STL-EST-EW-DAY-V001,JV-CHA,Grace Meadow and Assembly Hall,Meadow,extreme-wide establishing,24mm-equivalent elevated,clear late-morning,summer master,"community, picnics, trail departure",13,large center-safe ensemble zone,author against runtime projection; provisional horizon 56% until integration upgrade,far_bg|bg|midground|character_plane|foreground|fx|lighting|shadow,required,PLANNED-NOT-CREATED
JV-CHA-STL-EST-EW-GOLD-V001,JV-CHA,Grace Meadow and Assembly Hall,Meadow,extreme-wide establishing,24mm-equivalent elevated,golden hour,summer master,"community, picnics, trail departure",13,large center-safe ensemble zone,author against runtime projection; provisional horizon 56% until integration upgrade,far_bg|bg|midground|character_plane|foreground|fx|lighting|shadow,required,PLANNED-NOT-CREATED
JV-CHA-STL-EST-EW-NIGHT-V001,JV-CHA,Grace Meadow and Assembly Hall,Meadow,extreme-wide establishing,24mm-equivalent elevated,blue-hour-to-night,summer master,"community, picnics, trail departure",13,large center-safe ensemble zone,author against runtime projection; provisional horizon 56% until integration upgrade,far_bg|bg|midground|character_plane|foreground|fx|lighting|shadow,required,PLANNED-NOT-CREATED
JV-CHA-STL-EXT-MAS-DAY-V001,JV-CHA,Grace Meadow and Assembly Hall,Meadow,exterior master,28mm-equivalent eye-level,clear late-morning,summer master,"community, picnics, trail departure",13,arrival path and doorway clear,author against runtime projection; provisional horizon 56% until integration upgrade,far_bg|bg|midground|character_plane|foreground|fx|lighting|shadow,required,PLANNED-NOT-CREATED
JV-CHA-STL-EXT-MAS-GOLD-V001,JV-CHA,Grace Meadow and Assembly Hall,Meadow,exterior master,28mm-equivalent eye-level,golden hour,summer master,"community, picnics, trail departure",13,arrival path and doorway clear,author against runtime projection; provisional horizon 56% until integration upgrade,far_bg|bg|midground|character_plane|foreground|fx|lighting|shadow,required,PLANNED-NOT-CREATED
JV-CHA-STL-EXT-MAS-NIGHT-V001,JV-CHA,Grace Meadow and Assembly Hall,Meadow,exterior master,28mm-equivalent eye-level,blue-hour-to-night,summer master,"community, picnics, trail departure",13,arrival path and doorway clear,author against runtime projection; provisional horizon 56% until integration upgrade,far_bg|bg|midground|character_plane|foreground|fx|lighting|shadow,required,PLANNED-NOT-CREATED
JV-CHA-STL-EXT-REV-DAY-V001,JV-CHA,Grace Meadow and Assembly Hall,Meadow,exterior reverse,35mm-equivalent eye-level,clear late-morning,summer master,"community, picnics, trail departure",13,departure path and town orientation clear,author against runtime projection; provisional horizon 56% until integration upgrade,far_bg|bg|midground|character_plane|foreground|fx|lighting|shadow,required,PLANNED-NOT-CREATED
JV-CHA-STL-INT-MAS-DAY-V001,JV-CHA,Grace Meadow and Assembly Hall,Meadow,interior or primary-area master,28mm-equivalent,clear late-morning,summer master,"community, picnics, trail departure",13,full walkable floor and all exits visible,author against runtime projection; provisional horizon 56% until integration upgrade,far_bg|bg|midground|character_plane|foreground|fx|lighting|shadow,required,PLANNED-NOT-CREATED
JV-CHA-STL-INT-MAS-GOLD-V001,JV-CHA,Grace Meadow and Assembly Hall,Meadow,interior or primary-area master,28mm-equivalent,golden hour,summer master,"community, picnics, trail departure",13,full walkable floor and all exits visible,author against runtime projection; provisional horizon 56% until integration upgrade,far_bg|bg|midground|character_plane|foreground|fx|lighting|shadow,required,PLANNED-NOT-CREATED
JV-CHA-STL-INT-MAS-NIGHT-V001,JV-CHA,Grace Meadow and Assembly Hall,Meadow,interior or primary-area master,28mm-equivalent,blue-hour-to-night,summer master,"community, picnics, trail departure",13,full walkable floor and all exits visible,author against runtime projection; provisional horizon 56% until integration upgrade,far_bg|bg|midground|character_plane|foreground|fx|lighting|shadow,required,PLANNED-NOT-CREATED
JV-CHA-STL-INT-REV-DAY-V001,JV-CHA,Grace Meadow and Assembly Hall,Meadow,reverse master,32mm-equivalent,clear late-morning,summer master,"community, picnics, trail departure",13,reverse eyelines and window continuity,author against runtime projection; provisional horizon 56% until integration upgrade,far_bg|bg|midground|character_plane|foreground|fx|lighting|shadow,required,PLANNED-NOT-CREATED
JV-CHA-STL-DLG-2S-DAY-V001,JV-CHA,Grace Meadow and Assembly Hall,Meadow,clean dialogue two-shot,50mm-equivalent,clear late-morning,summer master,"community, picnics, trail departure",13,two 34x52-cell figures plus gesture clearance,author against runtime projection; provisional horizon 56% until integration upgrade,far_bg|bg|midground|character_plane|foreground|fx|lighting|shadow,required,PLANNED-NOT-CREATED
JV-CHA-STL-DLG-OTS-L-DAY-V001,JV-CHA,Grace Meadow and Assembly Hall,Meadow,clean over-shoulder left,65mm-equivalent,clear late-morning,summer master,"community, picnics, trail departure",13,left foreground occluder delivered separately,author against runtime projection; provisional horizon 56% until integration upgrade,far_bg|bg|midground|character_plane|foreground|fx|lighting|shadow,required,PLANNED-NOT-CREATED
JV-CHA-STL-DLG-OTS-R-DAY-V001,JV-CHA,Grace Meadow and Assembly Hall,Meadow,clean over-shoulder right,65mm-equivalent,clear late-morning,summer master,"community, picnics, trail departure",13,right foreground occluder delivered separately,author against runtime projection; provisional horizon 56% until integration upgrade,far_bg|bg|midground|character_plane|foreground|fx|lighting|shadow,required,PLANNED-NOT-CREATED
JV-CHA-STL-DLG-GRP-DAY-V001,JV-CHA,Grace Meadow and Assembly Hall,Meadow,three-to-five group dialogue,40mm-equivalent,clear late-morning,summer master,"community, picnics, trail departure",13,five anchors with non-crossing eyelines,author against runtime projection; provisional horizon 56% until integration upgrade,far_bg|bg|midground|character_plane|foreground|fx|lighting|shadow,required,PLANNED-NOT-CREATED
JV-CHA-STL-ENS-13-DAY-V001,JV-CHA,Grace Meadow and Assembly Hall,Meadow,full-cast ensemble master,28mm-equivalent,clear late-morning,summer master,"community, picnics, trail departure",13,thirteen anchors; only where capacity allows,author against runtime projection; provisional horizon 56% until integration upgrade,far_bg|bg|midground|character_plane|foreground|fx|lighting|shadow,required,PLANNED-NOT-CREATED
JV-CHA-STL-MOVE-LR-DAY-V001,JV-CHA,Grace Meadow and Assembly Hall,Meadow,side-tracking movement plate,35mm orthogonal-feel,clear late-morning,summer master,"community, picnics, trail departure",13,unbroken lateral path across 70 percent width,author against runtime projection; provisional horizon 56% until integration upgrade,far_bg|bg|midground|character_plane|foreground|fx|lighting|shadow,required,PLANNED-NOT-CREATED
JV-CHA-STL-POV-DAY-V001,JV-CHA,Grace Meadow and Assembly Hall,Meadow,character point of view,45mm-equivalent,clear late-morning,summer master,"community, picnics, trail departure",13,no baked character; clear focal subject,author against runtime projection; provisional horizon 56% until integration upgrade,far_bg|bg|midground|character_plane|foreground|fx|lighting|shadow,required,PLANNED-NOT-CREATED
JV-CHA-STL-INS-SGN-DAY-V001,JV-CHA,Grace Meadow and Assembly Hall,Meadow,controlled signage insert,70mm-equivalent,clear late-morning,summer master,"community, picnics, trail departure",13,blank sign substrate for graphic pass,author against runtime projection; provisional horizon 56% until integration upgrade,far_bg|bg|midground|character_plane|foreground|fx|lighting|shadow,required,PLANNED-NOT-CREATED
JV-CHA-STL-CLN-DAY-V001,JV-CHA,Grace Meadow and Assembly Hall,Meadow,empty clean plate,matching master lens,clear late-morning,summer master,"community, picnics, trail departure",13,no people or characters; restoration-ready,author against runtime projection; provisional horizon 56% until integration upgrade,far_bg|bg|midground|character_plane|foreground|fx|lighting|shadow,required,PLANNED-NOT-CREATED
JV-CHA-STL-CLN-GOLD-V001,JV-CHA,Grace Meadow and Assembly Hall,Meadow,empty clean plate,matching master lens,golden hour,summer master,"community, picnics, trail departure",13,no people or characters; restoration-ready,author against runtime projection; provisional horizon 56% until integration upgrade,far_bg|bg|midground|character_plane|foreground|fx|lighting|shadow,required,PLANNED-NOT-CREATED
JV-CHA-STL-CLN-NIGHT-V001,JV-CHA,Grace Meadow and Assembly Hall,Meadow,empty clean plate,matching master lens,blue-hour-to-night,summer master,"community, picnics, trail departure",13,no people or characters; restoration-ready,author against runtime projection; provisional horizon 56% until integration upgrade,far_bg|bg|midground|character_plane|foreground|fx|lighting|shadow,required,PLANNED-NOT-CREATED
JV-FAL-STL-EST-EW-DAY-V001,JV-FAL,Joeville Falls,Canyon,extreme-wide establishing,24mm-equivalent elevated,clear late-morning,summer master,"wonder, intimacy, reflection",5,large center-safe ensemble zone,author against runtime projection; provisional horizon 56% until integration upgrade,far_bg|bg|midground|character_plane|foreground|fx|lighting|shadow,required,PLANNED-NOT-CREATED
JV-FAL-STL-EST-EW-GOLD-V001,JV-FAL,Joeville Falls,Canyon,extreme-wide establishing,24mm-equivalent elevated,golden hour,summer master,"wonder, intimacy, reflection",5,large center-safe ensemble zone,author against runtime projection; provisional horizon 56% until integration upgrade,far_bg|bg|midground|character_plane|foreground|fx|lighting|shadow,required,PLANNED-NOT-CREATED
JV-FAL-STL-EST-EW-NIGHT-V001,JV-FAL,Joeville Falls,Canyon,extreme-wide establishing,24mm-equivalent elevated,blue-hour-to-night,summer master,"wonder, intimacy, reflection",5,large center-safe ensemble zone,author against runtime projection; provisional horizon 56% until integration upgrade,far_bg|bg|midground|character_plane|foreground|fx|lighting|shadow,required,PLANNED-NOT-CREATED
JV-FAL-STL-EXT-MAS-DAY-V001,JV-FAL,Joeville Falls,Canyon,exterior master,28mm-equivalent eye-level,clear late-morning,summer master,"wonder, intimacy, reflection",5,arrival path and doorway clear,author against runtime projection; provisional horizon 56% until integration upgrade,far_bg|bg|midground|character_plane|foreground|fx|lighting|shadow,required,PLANNED-NOT-CREATED
JV-FAL-STL-EXT-MAS-GOLD-V001,JV-FAL,Joeville Falls,Canyon,exterior master,28mm-equivalent eye-level,golden hour,summer master,"wonder, intimacy, reflection",5,arrival path and doorway clear,author against runtime projection; provisional horizon 56% until integration upgrade,far_bg|bg|midground|character_plane|foreground|fx|lighting|shadow,required,PLANNED-NOT-CREATED
JV-FAL-STL-EXT-MAS-NIGHT-V001,JV-FAL,Joeville Falls,Canyon,exterior master,28mm-equivalent eye-level,blue-hour-to-night,summer master,"wonder, intimacy, reflection",5,arrival path and doorway clear,author against runtime projection; provisional horizon 56% until integration upgrade,far_bg|bg|midground|character_plane|foreground|fx|lighting|shadow,required,PLANNED-NOT-CREATED
JV-FAL-STL-EXT-REV-DAY-V001,JV-FAL,Joeville Falls,Canyon,exterior reverse,35mm-equivalent eye-level,clear late-morning,summer master,"wonder, intimacy, reflection",5,departure path and town orientation clear,author against runtime projection; provisional horizon 56% until integration upgrade,far_bg|bg|midground|character_plane|foreground|fx|lighting|shadow,required,PLANNED-NOT-CREATED
JV-FAL-STL-INT-MAS-DAY-V001,JV-FAL,Joeville Falls,Canyon,interior or primary-area master,28mm-equivalent,clear late-morning,summer master,"wonder, intimacy, reflection",5,full walkable floor and all exits visible,author against runtime projection; provisional horizon 56% until integration upgrade,far_bg|bg|midground|character_plane|foreground|fx|lighting|shadow,required,PLANNED-NOT-CREATED
JV-FAL-STL-INT-MAS-GOLD-V001,JV-FAL,Joeville Falls,Canyon,interior or primary-area master,28mm-equivalent,golden hour,summer master,"wonder, intimacy, reflection",5,full walkable floor and all exits visible,author against runtime projection; provisional horizon 56% until integration upgrade,far_bg|bg|midground|character_plane|foreground|fx|lighting|shadow,required,PLANNED-NOT-CREATED
JV-FAL-STL-INT-MAS-NIGHT-V001,JV-FAL,Joeville Falls,Canyon,interior or primary-area master,28mm-equivalent,blue-hour-to-night,summer master,"wonder, intimacy, reflection",5,full walkable floor and all exits visible,author against runtime projection; provisional horizon 56% until integration upgrade,far_bg|bg|midground|character_plane|foreground|fx|lighting|shadow,required,PLANNED-NOT-CREATED
JV-FAL-STL-INT-REV-DAY-V001,JV-FAL,Joeville Falls,Canyon,reverse master,32mm-equivalent,clear late-morning,summer master,"wonder, intimacy, reflection",5,reverse eyelines and window continuity,author against runtime projection; provisional horizon 56% until integration upgrade,far_bg|bg|midground|character_plane|foreground|fx|lighting|shadow,required,PLANNED-NOT-CREATED
JV-FAL-STL-DLG-2S-DAY-V001,JV-FAL,Joeville Falls,Canyon,clean dialogue two-shot,50mm-equivalent,clear late-morning,summer master,"wonder, intimacy, reflection",5,two 34x52-cell figures plus gesture clearance,author against runtime projection; provisional horizon 56% until integration upgrade,far_bg|bg|midground|character_plane|foreground|fx|lighting|shadow,required,PLANNED-NOT-CREATED
JV-FAL-STL-DLG-OTS-L-DAY-V001,JV-FAL,Joeville Falls,Canyon,clean over-shoulder left,65mm-equivalent,clear late-morning,summer master,"wonder, intimacy, reflection",5,left foreground occluder delivered separately,author against runtime projection; provisional horizon 56% until integration upgrade,far_bg|bg|midground|character_plane|foreground|fx|lighting|shadow,required,PLANNED-NOT-CREATED
JV-FAL-STL-DLG-OTS-R-DAY-V001,JV-FAL,Joeville Falls,Canyon,clean over-shoulder right,65mm-equivalent,clear late-morning,summer master,"wonder, intimacy, reflection",5,right foreground occluder delivered separately,author against runtime projection; provisional horizon 56% until integration upgrade,far_bg|bg|midground|character_plane|foreground|fx|lighting|shadow,required,PLANNED-NOT-CREATED
JV-FAL-STL-DLG-GRP-DAY-V001,JV-FAL,Joeville Falls,Canyon,three-to-five group dialogue,40mm-equivalent,clear late-morning,summer master,"wonder, intimacy, reflection",5,five anchors with non-crossing eyelines,author against runtime projection; provisional horizon 56% until integration upgrade,far_bg|bg|midground|character_plane|foreground|fx|lighting|shadow,required,PLANNED-NOT-CREATED
JV-FAL-STL-MOVE-LR-DAY-V001,JV-FAL,Joeville Falls,Canyon,side-tracking movement plate,35mm orthogonal-feel,clear late-morning,summer master,"wonder, intimacy, reflection",5,unbroken lateral path across 70 percent width,author against runtime projection; provisional horizon 56% until integration upgrade,far_bg|bg|midground|character_plane|foreground|fx|lighting|shadow,required,PLANNED-NOT-CREATED
JV-FAL-STL-POV-DAY-V001,JV-FAL,Joeville Falls,Canyon,character point of view,45mm-equivalent,clear late-morning,summer master,"wonder, intimacy, reflection",5,no baked character; clear focal subject,author against runtime projection; provisional horizon 56% until integration upgrade,far_bg|bg|midground|character_plane|foreground|fx|lighting|shadow,required,PLANNED-NOT-CREATED
JV-FAL-STL-INS-SGN-DAY-V001,JV-FAL,Joeville Falls,Canyon,controlled signage insert,70mm-equivalent,clear late-morning,summer master,"wonder, intimacy, reflection",5,blank sign substrate for graphic pass,author against runtime projection; provisional horizon 56% until integration upgrade,far_bg|bg|midground|character_plane|foreground|fx|lighting|shadow,required,PLANNED-NOT-CREATED
JV-FAL-STL-CLN-DAY-V001,JV-FAL,Joeville Falls,Canyon,empty clean plate,matching master lens,clear late-morning,summer master,"wonder, intimacy, reflection",5,no people or characters; restoration-ready,author against runtime projection; provisional horizon 56% until integration upgrade,far_bg|bg|midground|character_plane|foreground|fx|lighting|shadow,required,PLANNED-NOT-CREATED
JV-FAL-STL-CLN-GOLD-V001,JV-FAL,Joeville Falls,Canyon,empty clean plate,matching master lens,golden hour,summer master,"wonder, intimacy, reflection",5,no people or characters; restoration-ready,author against runtime projection; provisional horizon 56% until integration upgrade,far_bg|bg|midground|character_plane|foreground|fx|lighting|shadow,required,PLANNED-NOT-CREATED
JV-FAL-STL-CLN-NIGHT-V001,JV-FAL,Joeville Falls,Canyon,empty clean plate,matching master lens,blue-hour-to-night,summer master,"wonder, intimacy, reflection",5,no people or characters; restoration-ready,author against runtime projection; provisional horizon 56% until integration upgrade,far_bg|bg|midground|character_plane|foreground|fx|lighting|shadow,required,PLANNED-NOT-CREATED
JV-MED-STL-EST-EW-DAY-V001,JV-MED,Thirteen Stones Meditation Circle,Castle Ridge,extreme-wide establishing,24mm-equivalent elevated,clear late-morning,summer master,"ritual, reflection, council",13,large center-safe ensemble zone,author against runtime projection; provisional horizon 56% until integration upgrade,far_bg|bg|midground|character_plane|foreground|fx|lighting|shadow,required,PLANNED-NOT-CREATED
JV-MED-STL-EST-EW-GOLD-V001,JV-MED,Thirteen Stones Meditation Circle,Castle Ridge,extreme-wide establishing,24mm-equivalent elevated,golden hour,summer master,"ritual, reflection, council",13,large center-safe ensemble zone,author against runtime projection; provisional horizon 56% until integration upgrade,far_bg|bg|midground|character_plane|foreground|fx|lighting|shadow,required,PLANNED-NOT-CREATED
JV-MED-STL-EST-EW-NIGHT-V001,JV-MED,Thirteen Stones Meditation Circle,Castle Ridge,extreme-wide establishing,24mm-equivalent elevated,blue-hour-to-night,summer master,"ritual, reflection, council",13,large center-safe ensemble zone,author against runtime projection; provisional horizon 56% until integration upgrade,far_bg|bg|midground|character_plane|foreground|fx|lighting|shadow,required,PLANNED-NOT-CREATED
JV-MED-STL-EXT-MAS-DAY-V001,JV-MED,Thirteen Stones Meditation Circle,Castle Ridge,exterior master,28mm-equivalent eye-level,clear late-morning,summer master,"ritual, reflection, council",13,arrival path and doorway clear,author against runtime projection; provisional horizon 56% until integration upgrade,far_bg|bg|midground|character_plane|foreground|fx|lighting|shadow,required,PLANNED-NOT-CREATED
JV-MED-STL-EXT-MAS-GOLD-V001,JV-MED,Thirteen Stones Meditation Circle,Castle Ridge,exterior master,28mm-equivalent eye-level,golden hour,summer master,"ritual, reflection, council",13,arrival path and doorway clear,author against runtime projection; provisional horizon 56% until integration upgrade,far_bg|bg|midground|character_plane|foreground|fx|lighting|shadow,required,PLANNED-NOT-CREATED
JV-MED-STL-EXT-MAS-NIGHT-V001,JV-MED,Thirteen Stones Meditation Circle,Castle Ridge,exterior master,28mm-equivalent eye-level,blue-hour-to-night,summer master,"ritual, reflection, council",13,arrival path and doorway clear,author against runtime projection; provisional horizon 56% until integration upgrade,far_bg|bg|midground|character_plane|foreground|fx|lighting|shadow,required,PLANNED-NOT-CREATED
JV-MED-STL-EXT-REV-DAY-V001,JV-MED,Thirteen Stones Meditation Circle,Castle Ridge,exterior reverse,35mm-equivalent eye-level,clear late-morning,summer master,"ritual, reflection, council",13,departure path and town orientation clear,author against runtime projection; provisional horizon 56% until integration upgrade,far_bg|bg|midground|character_plane|foreground|fx|lighting|shadow,required,PLANNED-NOT-CREATED
JV-MED-STL-INT-MAS-DAY-V001,JV-MED,Thirteen Stones Meditation Circle,Castle Ridge,interior or primary-area master,28mm-equivalent,clear late-morning,summer master,"ritual, reflection, council",13,full walkable floor and all exits visible,author against runtime projection; provisional horizon 56% until integration upgrade,far_bg|bg|midground|character_plane|foreground|fx|lighting|shadow,required,PLANNED-NOT-CREATED
JV-MED-STL-INT-MAS-GOLD-V001,JV-MED,Thirteen Stones Meditation Circle,Castle Ridge,interior or primary-area master,28mm-equivalent,golden hour,summer master,"ritual, reflection, council",13,full walkable floor and all exits visible,author against runtime projection; provisional horizon 56% until integration upgrade,far_bg|bg|midground|character_plane|foreground|fx|lighting|shadow,required,PLANNED-NOT-CREATED
JV-MED-STL-INT-MAS-NIGHT-V001,JV-MED,Thirteen Stones Meditation Circle,Castle Ridge,interior or primary-area master,28mm-equivalent,blue-hour-to-night,summer master,"ritual, reflection, council",13,full walkable floor and all exits visible,author against runtime projection; provisional horizon 56% until integration upgrade,far_bg|bg|midground|character_plane|foreground|fx|lighting|shadow,required,PLANNED-NOT-CREATED
JV-MED-STL-INT-REV-DAY-V001,JV-MED,Thirteen Stones Meditation Circle,Castle Ridge,reverse master,32mm-equivalent,clear late-morning,summer master,"ritual, reflection, council",13,reverse eyelines and window continuity,author against runtime projection; provisional horizon 56% until integration upgrade,far_bg|bg|midground|character_plane|foreground|fx|lighting|shadow,required,PLANNED-NOT-CREATED
JV-MED-STL-DLG-2S-DAY-V001,JV-MED,Thirteen Stones Meditation Circle,Castle Ridge,clean dialogue two-shot,50mm-equivalent,clear late-morning,summer master,"ritual, reflection, council",13,two 34x52-cell figures plus gesture clearance,author against runtime projection; provisional horizon 56% until integration upgrade,far_bg|bg|midground|character_plane|foreground|fx|lighting|shadow,required,PLANNED-NOT-CREATED
JV-MED-STL-DLG-OTS-L-DAY-V001,JV-MED,Thirteen Stones Meditation Circle,Castle Ridge,clean over-shoulder left,65mm-equivalent,clear late-morning,summer master,"ritual, reflection, council",13,left foreground occluder delivered separately,author against runtime projection; provisional horizon 56% until integration upgrade,far_bg|bg|midground|character_plane|foreground|fx|lighting|shadow,required,PLANNED-NOT-CREATED
JV-MED-STL-DLG-OTS-R-DAY-V001,JV-MED,Thirteen Stones Meditation Circle,Castle Ridge,clean over-shoulder right,65mm-equivalent,clear late-morning,summer master,"ritual, reflection, council",13,right foreground occluder delivered separately,author against runtime projection; provisional horizon 56% until integration upgrade,far_bg|bg|midground|character_plane|foreground|fx|lighting|shadow,required,PLANNED-NOT-CREATED
JV-MED-STL-DLG-GRP-DAY-V001,JV-MED,Thirteen Stones Meditation Circle,Castle Ridge,three-to-five group dialogue,40mm-equivalent,clear late-morning,summer master,"ritual, reflection, council",13,five anchors with non-crossing eyelines,author against runtime projection; provisional horizon 56% until integration upgrade,far_bg|bg|midground|character_plane|foreground|fx|lighting|shadow,required,PLANNED-NOT-CREATED
JV-MED-STL-ENS-13-DAY-V001,JV-MED,Thirteen Stones Meditation Circle,Castle Ridge,full-cast ensemble master,28mm-equivalent,clear late-morning,summer master,"ritual, reflection, council",13,thirteen anchors; only where capacity allows,author against runtime projection; provisional horizon 56% until integration upgrade,far_bg|bg|midground|character_plane|foreground|fx|lighting|shadow,required,PLANNED-NOT-CREATED
JV-MED-STL-MOVE-LR-DAY-V001,JV-MED,Thirteen Stones Meditation Circle,Castle Ridge,side-tracking movement plate,35mm orthogonal-feel,clear late-morning,summer master,"ritual, reflection, council",13,unbroken lateral path across 70 percent width,author against runtime projection; provisional horizon 56% until integration upgrade,far_bg|bg|midground|character_plane|foreground|fx|lighting|shadow,required,PLANNED-NOT-CREATED
JV-MED-STL-POV-DAY-V001,JV-MED,Thirteen Stones Meditation Circle,Castle Ridge,character point of view,45mm-equivalent,clear late-morning,summer master,"ritual, reflection, council",13,no baked character; clear focal subject,author against runtime projection; provisional horizon 56% until integration upgrade,far_bg|bg|midground|character_plane|foreground|fx|lighting|shadow,required,PLANNED-NOT-CREATED
JV-MED-STL-INS-SGN-DAY-V001,JV-MED,Thirteen Stones Meditation Circle,Castle Ridge,controlled signage insert,70mm-equivalent,clear late-morning,summer master,"ritual, reflection, council",13,blank sign substrate for graphic pass,author against runtime projection; provisional horizon 56% until integration upgrade,far_bg|bg|midground|character_plane|foreground|fx|lighting|shadow,required,PLANNED-NOT-CREATED
JV-MED-STL-CLN-DAY-V001,JV-MED,Thirteen Stones Meditation Circle,Castle Ridge,empty clean plate,matching master lens,clear late-morning,summer master,"ritual, reflection, council",13,no people or characters; restoration-ready,author against runtime projection; provisional horizon 56% until integration upgrade,far_bg|bg|midground|character_plane|foreground|fx|lighting|shadow,required,PLANNED-NOT-CREATED
JV-MED-STL-CLN-GOLD-V001,JV-MED,Thirteen Stones Meditation Circle,Castle Ridge,empty clean plate,matching master lens,golden hour,summer master,"ritual, reflection, council",13,no people or characters; restoration-ready,author against runtime projection; provisional horizon 56% until integration upgrade,far_bg|bg|midground|character_plane|foreground|fx|lighting|shadow,required,PLANNED-NOT-CREATED
JV-MED-STL-CLN-NIGHT-V001,JV-MED,Thirteen Stones Meditation Circle,Castle Ridge,empty clean plate,matching master lens,blue-hour-to-night,summer master,"ritual, reflection, council",13,no people or characters; restoration-ready,author against runtime projection; provisional horizon 56% until integration upgrade,far_bg|bg|midground|character_plane|foreground|fx|lighting|shadow,required,PLANNED-NOT-CREATED
JV-DAN-STL-EST-EW-DAY-V001,JV-DAN,Current Hall,Creek Corridor,extreme-wide establishing,24mm-equivalent elevated,clear late-morning,summer master,"ecstatic dance, celebration, decompression",13,large center-safe ensemble zone,author against runtime projection; provisional horizon 56% until integration upgrade,far_bg|bg|midground|character_plane|foreground|fx|lighting|shadow,required,PLANNED-NOT-CREATED
JV-DAN-STL-EST-EW-GOLD-V001,JV-DAN,Current Hall,Creek Corridor,extreme-wide establishing,24mm-equivalent elevated,golden hour,summer master,"ecstatic dance, celebration, decompression",13,large center-safe ensemble zone,author against runtime projection; provisional horizon 56% until integration upgrade,far_bg|bg|midground|character_plane|foreground|fx|lighting|shadow,required,PLANNED-NOT-CREATED
JV-DAN-STL-EST-EW-NIGHT-V001,JV-DAN,Current Hall,Creek Corridor,extreme-wide establishing,24mm-equivalent elevated,blue-hour-to-night,summer master,"ecstatic dance, celebration, decompression",13,large center-safe ensemble zone,author against runtime projection; provisional horizon 56% until integration upgrade,far_bg|bg|midground|character_plane|foreground|fx|lighting|shadow,required,PLANNED-NOT-CREATED
JV-DAN-STL-EXT-MAS-DAY-V001,JV-DAN,Current Hall,Creek Corridor,exterior master,28mm-equivalent eye-level,clear late-morning,summer master,"ecstatic dance, celebration, decompression",13,arrival path and doorway clear,author against runtime projection; provisional horizon 56% until integration upgrade,far_bg|bg|midground|character_plane|foreground|fx|lighting|shadow,required,PLANNED-NOT-CREATED
JV-DAN-STL-EXT-MAS-GOLD-V001,JV-DAN,Current Hall,Creek Corridor,exterior master,28mm-equivalent eye-level,golden hour,summer master,"ecstatic dance, celebration, decompression",13,arrival path and doorway clear,author against runtime projection; provisional horizon 56% until integration upgrade,far_bg|bg|midground|character_plane|foreground|fx|lighting|shadow,required,PLANNED-NOT-CREATED
JV-DAN-STL-EXT-MAS-NIGHT-V001,JV-DAN,Current Hall,Creek Corridor,exterior master,28mm-equivalent eye-level,blue-hour-to-night,summer master,"ecstatic dance, celebration, decompression",13,arrival path and doorway clear,author against runtime projection; provisional horizon 56% until integration upgrade,far_bg|bg|midground|character_plane|foreground|fx|lighting|shadow,required,PLANNED-NOT-CREATED
JV-DAN-STL-EXT-REV-DAY-V001,JV-DAN,Current Hall,Creek Corridor,exterior reverse,35mm-equivalent eye-level,clear late-morning,summer master,"ecstatic dance, celebration, decompression",13,departure path and town orientation clear,author against runtime projection; provisional horizon 56% until integration upgrade,far_bg|bg|midground|character_plane|foreground|fx|lighting|shadow,required,PLANNED-NOT-CREATED
JV-DAN-STL-INT-MAS-DAY-V001,JV-DAN,Current Hall,Creek Corridor,interior or primary-area master,28mm-equivalent,clear late-morning,summer master,"ecstatic dance, celebration, decompression",13,full walkable floor and all exits visible,author against runtime projection; provisional horizon 56% until integration upgrade,far_bg|bg|midground|character_plane|foreground|fx|lighting|shadow,required,PLANNED-NOT-CREATED
JV-DAN-STL-INT-MAS-GOLD-V001,JV-DAN,Current Hall,Creek Corridor,interior or primary-area master,28mm-equivalent,golden hour,summer master,"ecstatic dance, celebration, decompression",13,full walkable floor and all exits visible,author against runtime projection; provisional horizon 56% until integration upgrade,far_bg|bg|midground|character_plane|foreground|fx|lighting|shadow,required,PLANNED-NOT-CREATED
JV-DAN-STL-INT-MAS-NIGHT-V001,JV-DAN,Current Hall,Creek Corridor,interior or primary-area master,28mm-equivalent,blue-hour-to-night,summer master,"ecstatic dance, celebration, decompression",13,full walkable floor and all exits visible,author against runtime projection; provisional horizon 56% until integration upgrade,far_bg|bg|midground|character_plane|foreground|fx|lighting|shadow,required,PLANNED-NOT-CREATED
JV-DAN-STL-INT-REV-DAY-V001,JV-DAN,Current Hall,Creek Corridor,reverse master,32mm-equivalent,clear late-morning,summer master,"ecstatic dance, celebration, decompression",13,reverse eyelines and window continuity,author against runtime projection; provisional horizon 56% until integration upgrade,far_bg|bg|midground|character_plane|foreground|fx|lighting|shadow,required,PLANNED-NOT-CREATED
JV-DAN-STL-DLG-2S-DAY-V001,JV-DAN,Current Hall,Creek Corridor,clean dialogue two-shot,50mm-equivalent,clear late-morning,summer master,"ecstatic dance, celebration, decompression",13,two 34x52-cell figures plus gesture clearance,author against runtime projection; provisional horizon 56% until integration upgrade,far_bg|bg|midground|character_plane|foreground|fx|lighting|shadow,required,PLANNED-NOT-CREATED
JV-DAN-STL-DLG-OTS-L-DAY-V001,JV-DAN,Current Hall,Creek Corridor,clean over-shoulder left,65mm-equivalent,clear late-morning,summer master,"ecstatic dance, celebration, decompression",13,left foreground occluder delivered separately,author against runtime projection; provisional horizon 56% until integration upgrade,far_bg|bg|midground|character_plane|foreground|fx|lighting|shadow,required,PLANNED-NOT-CREATED
JV-DAN-STL-DLG-OTS-R-DAY-V001,JV-DAN,Current Hall,Creek Corridor,clean over-shoulder right,65mm-equivalent,clear late-morning,summer master,"ecstatic dance, celebration, decompression",13,right foreground occluder delivered separately,author against runtime projection; provisional horizon 56% until integration upgrade,far_bg|bg|midground|character_plane|foreground|fx|lighting|shadow,required,PLANNED-NOT-CREATED
JV-DAN-STL-DLG-GRP-DAY-V001,JV-DAN,Current Hall,Creek Corridor,three-to-five group dialogue,40mm-equivalent,clear late-morning,summer master,"ecstatic dance, celebration, decompression",13,five anchors with non-crossing eyelines,author against runtime projection; provisional horizon 56% until integration upgrade,far_bg|bg|midground|character_plane|foreground|fx|lighting|shadow,required,PLANNED-NOT-CREATED
JV-DAN-STL-ENS-13-DAY-V001,JV-DAN,Current Hall,Creek Corridor,full-cast ensemble master,28mm-equivalent,clear late-morning,summer master,"ecstatic dance, celebration, decompression",13,thirteen anchors; only where capacity allows,author against runtime projection; provisional horizon 56% until integration upgrade,far_bg|bg|midground|character_plane|foreground|fx|lighting|shadow,required,PLANNED-NOT-CREATED
JV-DAN-STL-MOVE-LR-DAY-V001,JV-DAN,Current Hall,Creek Corridor,side-tracking movement plate,35mm orthogonal-feel,clear late-morning,summer master,"ecstatic dance, celebration, decompression",13,unbroken lateral path across 70 percent width,author against runtime projection; provisional horizon 56% until integration upgrade,far_bg|bg|midground|character_plane|foreground|fx|lighting|shadow,required,PLANNED-NOT-CREATED
JV-DAN-STL-POV-DAY-V001,JV-DAN,Current Hall,Creek Corridor,character point of view,45mm-equivalent,clear late-morning,summer master,"ecstatic dance, celebration, decompression",13,no baked character; clear focal subject,author against runtime projection; provisional horizon 56% until integration upgrade,far_bg|bg|midground|character_plane|foreground|fx|lighting|shadow,required,PLANNED-NOT-CREATED
JV-DAN-STL-INS-SGN-DAY-V001,JV-DAN,Current Hall,Creek Corridor,controlled signage insert,70mm-equivalent,clear late-morning,summer master,"ecstatic dance, celebration, decompression",13,blank sign substrate for graphic pass,author against runtime projection; provisional horizon 56% until integration upgrade,far_bg|bg|midground|character_plane|foreground|fx|lighting|shadow,required,PLANNED-NOT-CREATED
JV-DAN-STL-CLN-DAY-V001,JV-DAN,Current Hall,Creek Corridor,empty clean plate,matching master lens,clear late-morning,summer master,"ecstatic dance, celebration, decompression",13,no people or characters; restoration-ready,author against runtime projection; provisional horizon 56% until integration upgrade,far_bg|bg|midground|character_plane|foreground|fx|lighting|shadow,required,PLANNED-NOT-CREATED
JV-DAN-STL-CLN-GOLD-V001,JV-DAN,Current Hall,Creek Corridor,empty clean plate,matching master lens,golden hour,summer master,"ecstatic dance, celebration, decompression",13,no people or characters; restoration-ready,author against runtime projection; provisional horizon 56% until integration upgrade,far_bg|bg|midground|character_plane|foreground|fx|lighting|shadow,required,PLANNED-NOT-CREATED
JV-DAN-STL-CLN-NIGHT-V001,JV-DAN,Current Hall,Creek Corridor,empty clean plate,matching master lens,blue-hour-to-night,summer master,"ecstatic dance, celebration, decompression",13,no people or characters; restoration-ready,author against runtime projection; provisional horizon 56% until integration upgrade,far_bg|bg|midground|character_plane|foreground|fx|lighting|shadow,required,PLANNED-NOT-CREATED
JV-TRL-STL-EST-EW-DAY-V001,JV-TRL,Foothill Trail System,Mountain,extreme-wide establishing,24mm-equivalent elevated,clear late-morning,summer master,"walking dialogue, challenge, discovery",5,large center-safe ensemble zone,author against runtime projection; provisional horizon 56% until integration upgrade,far_bg|bg|midground|character_plane|foreground|fx|lighting|shadow,required,PLANNED-NOT-CREATED
JV-TRL-STL-EST-EW-GOLD-V001,JV-TRL,Foothill Trail System,Mountain,extreme-wide establishing,24mm-equivalent elevated,golden hour,summer master,"walking dialogue, challenge, discovery",5,large center-safe ensemble zone,author against runtime projection; provisional horizon 56% until integration upgrade,far_bg|bg|midground|character_plane|foreground|fx|lighting|shadow,required,PLANNED-NOT-CREATED
JV-TRL-STL-EST-EW-NIGHT-V001,JV-TRL,Foothill Trail System,Mountain,extreme-wide establishing,24mm-equivalent elevated,blue-hour-to-night,summer master,"walking dialogue, challenge, discovery",5,large center-safe ensemble zone,author against runtime projection; provisional horizon 56% until integration upgrade,far_bg|bg|midground|character_plane|foreground|fx|lighting|shadow,required,PLANNED-NOT-CREATED
JV-TRL-STL-EXT-MAS-DAY-V001,JV-TRL,Foothill Trail System,Mountain,exterior master,28mm-equivalent eye-level,clear late-morning,summer master,"walking dialogue, challenge, discovery",5,arrival path and doorway clear,author against runtime projection; provisional horizon 56% until integration upgrade,far_bg|bg|midground|character_plane|foreground|fx|lighting|shadow,required,PLANNED-NOT-CREATED
JV-TRL-STL-EXT-MAS-GOLD-V001,JV-TRL,Foothill Trail System,Mountain,exterior master,28mm-equivalent eye-level,golden hour,summer master,"walking dialogue, challenge, discovery",5,arrival path and doorway clear,author against runtime projection; provisional horizon 56% until integration upgrade,far_bg|bg|midground|character_plane|foreground|fx|lighting|shadow,required,PLANNED-NOT-CREATED
JV-TRL-STL-EXT-MAS-NIGHT-V001,JV-TRL,Foothill Trail System,Mountain,exterior master,28mm-equivalent eye-level,blue-hour-to-night,summer master,"walking dialogue, challenge, discovery",5,arrival path and doorway clear,author against runtime projection; provisional horizon 56% until integration upgrade,far_bg|bg|midground|character_plane|foreground|fx|lighting|shadow,required,PLANNED-NOT-CREATED
JV-TRL-STL-EXT-REV-DAY-V001,JV-TRL,Foothill Trail System,Mountain,exterior reverse,35mm-equivalent eye-level,clear late-morning,summer master,"walking dialogue, challenge, discovery",5,departure path and town orientation clear,author against runtime projection; provisional horizon 56% until integration upgrade,far_bg|bg|midground|character_plane|foreground|fx|lighting|shadow,required,PLANNED-NOT-CREATED
JV-TRL-STL-INT-MAS-DAY-V001,JV-TRL,Foothill Trail System,Mountain,interior or primary-area master,28mm-equivalent,clear late-morning,summer master,"walking dialogue, challenge, discovery",5,full walkable floor and all exits visible,author against runtime projection; provisional horizon 56% until integration upgrade,far_bg|bg|midground|character_plane|foreground|fx|lighting|shadow,required,PLANNED-NOT-CREATED
JV-TRL-STL-INT-MAS-GOLD-V001,JV-TRL,Foothill Trail System,Mountain,interior or primary-area master,28mm-equivalent,golden hour,summer master,"walking dialogue, challenge, discovery",5,full walkable floor and all exits visible,author against runtime projection; provisional horizon 56% until integration upgrade,far_bg|bg|midground|character_plane|foreground|fx|lighting|shadow,required,PLANNED-NOT-CREATED
JV-TRL-STL-INT-MAS-NIGHT-V001,JV-TRL,Foothill Trail System,Mountain,interior or primary-area master,28mm-equivalent,blue-hour-to-night,summer master,"walking dialogue, challenge, discovery",5,full walkable floor and all exits visible,author against runtime projection; provisional horizon 56% until integration upgrade,far_bg|bg|midground|character_plane|foreground|fx|lighting|shadow,required,PLANNED-NOT-CREATED
JV-TRL-STL-INT-REV-DAY-V001,JV-TRL,Foothill Trail System,Mountain,reverse master,32mm-equivalent,clear late-morning,summer master,"walking dialogue, challenge, discovery",5,reverse eyelines and window continuity,author against runtime projection; provisional horizon 56% until integration upgrade,far_bg|bg|midground|character_plane|foreground|fx|lighting|shadow,required,PLANNED-NOT-CREATED
JV-TRL-STL-DLG-2S-DAY-V001,JV-TRL,Foothill Trail System,Mountain,clean dialogue two-shot,50mm-equivalent,clear late-morning,summer master,"walking dialogue, challenge, discovery",5,two 34x52-cell figures plus gesture clearance,author against runtime projection; provisional horizon 56% until integration upgrade,far_bg|bg|midground|character_plane|foreground|fx|lighting|shadow,required,PLANNED-NOT-CREATED
JV-TRL-STL-DLG-OTS-L-DAY-V001,JV-TRL,Foothill Trail System,Mountain,clean over-shoulder left,65mm-equivalent,clear late-morning,summer master,"walking dialogue, challenge, discovery",5,left foreground occluder delivered separately,author against runtime projection; provisional horizon 56% until integration upgrade,far_bg|bg|midground|character_plane|foreground|fx|lighting|shadow,required,PLANNED-NOT-CREATED
JV-TRL-STL-DLG-OTS-R-DAY-V001,JV-TRL,Foothill Trail System,Mountain,clean over-shoulder right,65mm-equivalent,clear late-morning,summer master,"walking dialogue, challenge, discovery",5,right foreground occluder delivered separately,author against runtime projection; provisional horizon 56% until integration upgrade,far_bg|bg|midground|character_plane|foreground|fx|lighting|shadow,required,PLANNED-NOT-CREATED
JV-TRL-STL-DLG-GRP-DAY-V001,JV-TRL,Foothill Trail System,Mountain,three-to-five group dialogue,40mm-equivalent,clear late-morning,summer master,"walking dialogue, challenge, discovery",5,five anchors with non-crossing eyelines,author against runtime projection; provisional horizon 56% until integration upgrade,far_bg|bg|midground|character_plane|foreground|fx|lighting|shadow,required,PLANNED-NOT-CREATED
JV-TRL-STL-MOVE-LR-DAY-V001,JV-TRL,Foothill Trail System,Mountain,side-tracking movement plate,35mm orthogonal-feel,clear late-morning,summer master,"walking dialogue, challenge, discovery",5,unbroken lateral path across 70 percent width,author against runtime projection; provisional horizon 56% until integration upgrade,far_bg|bg|midground|character_plane|foreground|fx|lighting|shadow,required,PLANNED-NOT-CREATED
JV-TRL-STL-POV-DAY-V001,JV-TRL,Foothill Trail System,Mountain,character point of view,45mm-equivalent,clear late-morning,summer master,"walking dialogue, challenge, discovery",5,no baked character; clear focal subject,author against runtime projection; provisional horizon 56% until integration upgrade,far_bg|bg|midground|character_plane|foreground|fx|lighting|shadow,required,PLANNED-NOT-CREATED
JV-TRL-STL-INS-SGN-DAY-V001,JV-TRL,Foothill Trail System,Mountain,controlled signage insert,70mm-equivalent,clear late-morning,summer master,"walking dialogue, challenge, discovery",5,blank sign substrate for graphic pass,author against runtime projection; provisional horizon 56% until integration upgrade,far_bg|bg|midground|character_plane|foreground|fx|lighting|shadow,required,PLANNED-NOT-CREATED
JV-TRL-STL-CLN-DAY-V001,JV-TRL,Foothill Trail System,Mountain,empty clean plate,matching master lens,clear late-morning,summer master,"walking dialogue, challenge, discovery",5,no people or characters; restoration-ready,author against runtime projection; provisional horizon 56% until integration upgrade,far_bg|bg|midground|character_plane|foreground|fx|lighting|shadow,required,PLANNED-NOT-CREATED
JV-TRL-STL-CLN-GOLD-V001,JV-TRL,Foothill Trail System,Mountain,empty clean plate,matching master lens,golden hour,summer master,"walking dialogue, challenge, discovery",5,no people or characters; restoration-ready,author against runtime projection; provisional horizon 56% until integration upgrade,far_bg|bg|midground|character_plane|foreground|fx|lighting|shadow,required,PLANNED-NOT-CREATED
JV-TRL-STL-CLN-NIGHT-V001,JV-TRL,Foothill Trail System,Mountain,empty clean plate,matching master lens,blue-hour-to-night,summer master,"walking dialogue, challenge, discovery",5,no people or characters; restoration-ready,author against runtime projection; provisional horizon 56% until integration upgrade,far_bg|bg|midground|character_plane|foreground|fx|lighting|shadow,required,PLANNED-NOT-CREATED
JV-CAS-STL-EST-EW-DAY-V001,JV-CAS,Castle Grace,Castle Ridge,extreme-wide establishing,24mm-equivalent elevated,clear late-morning,summer master,"home base, council, feast, celebration",13,large center-safe ensemble zone,author against runtime projection; provisional horizon 56% until integration upgrade,far_bg|bg|midground|character_plane|foreground|fx|lighting|shadow,required,PLANNED-NOT-CREATED
JV-CAS-STL-EST-EW-GOLD-V001,JV-CAS,Castle Grace,Castle Ridge,extreme-wide establishing,24mm-equivalent elevated,golden hour,summer master,"home base, council, feast, celebration",13,large center-safe ensemble zone,author against runtime projection; provisional horizon 56% until integration upgrade,far_bg|bg|midground|character_plane|foreground|fx|lighting|shadow,required,PLANNED-NOT-CREATED
JV-CAS-STL-EST-EW-NIGHT-V001,JV-CAS,Castle Grace,Castle Ridge,extreme-wide establishing,24mm-equivalent elevated,blue-hour-to-night,summer master,"home base, council, feast, celebration",13,large center-safe ensemble zone,author against runtime projection; provisional horizon 56% until integration upgrade,far_bg|bg|midground|character_plane|foreground|fx|lighting|shadow,required,PLANNED-NOT-CREATED
JV-CAS-STL-EXT-MAS-DAY-V001,JV-CAS,Castle Grace,Castle Ridge,exterior master,28mm-equivalent eye-level,clear late-morning,summer master,"home base, council, feast, celebration",13,arrival path and doorway clear,author against runtime projection; provisional horizon 56% until integration upgrade,far_bg|bg|midground|character_plane|foreground|fx|lighting|shadow,required,PLANNED-NOT-CREATED
JV-CAS-STL-EXT-MAS-GOLD-V001,JV-CAS,Castle Grace,Castle Ridge,exterior master,28mm-equivalent eye-level,golden hour,summer master,"home base, council, feast, celebration",13,arrival path and doorway clear,author against runtime projection; provisional horizon 56% until integration upgrade,far_bg|bg|midground|character_plane|foreground|fx|lighting|shadow,required,PLANNED-NOT-CREATED
JV-CAS-STL-EXT-MAS-NIGHT-V001,JV-CAS,Castle Grace,Castle Ridge,exterior master,28mm-equivalent eye-level,blue-hour-to-night,summer master,"home base, council, feast, celebration",13,arrival path and doorway clear,author against runtime projection; provisional horizon 56% until integration upgrade,far_bg|bg|midground|character_plane|foreground|fx|lighting|shadow,required,PLANNED-NOT-CREATED
JV-CAS-STL-EXT-REV-DAY-V001,JV-CAS,Castle Grace,Castle Ridge,exterior reverse,35mm-equivalent eye-level,clear late-morning,summer master,"home base, council, feast, celebration",13,departure path and town orientation clear,author against runtime projection; provisional horizon 56% until integration upgrade,far_bg|bg|midground|character_plane|foreground|fx|lighting|shadow,required,PLANNED-NOT-CREATED
JV-CAS-STL-INT-MAS-DAY-V001,JV-CAS,Castle Grace,Castle Ridge,interior or primary-area master,28mm-equivalent,clear late-morning,summer master,"home base, council, feast, celebration",13,full walkable floor and all exits visible,author against runtime projection; provisional horizon 56% until integration upgrade,far_bg|bg|midground|character_plane|foreground|fx|lighting|shadow,required,PLANNED-NOT-CREATED
JV-CAS-STL-INT-MAS-GOLD-V001,JV-CAS,Castle Grace,Castle Ridge,interior or primary-area master,28mm-equivalent,golden hour,summer master,"home base, council, feast, celebration",13,full walkable floor and all exits visible,author against runtime projection; provisional horizon 56% until integration upgrade,far_bg|bg|midground|character_plane|foreground|fx|lighting|shadow,required,PLANNED-NOT-CREATED
JV-CAS-STL-INT-MAS-NIGHT-V001,JV-CAS,Castle Grace,Castle Ridge,interior or primary-area master,28mm-equivalent,blue-hour-to-night,summer master,"home base, council, feast, celebration",13,full walkable floor and all exits visible,author against runtime projection; provisional horizon 56% until integration upgrade,far_bg|bg|midground|character_plane|foreground|fx|lighting|shadow,required,PLANNED-NOT-CREATED
JV-CAS-STL-INT-REV-DAY-V001,JV-CAS,Castle Grace,Castle Ridge,reverse master,32mm-equivalent,clear late-morning,summer master,"home base, council, feast, celebration",13,reverse eyelines and window continuity,author against runtime projection; provisional horizon 56% until integration upgrade,far_bg|bg|midground|character_plane|foreground|fx|lighting|shadow,required,PLANNED-NOT-CREATED
JV-CAS-STL-DLG-2S-DAY-V001,JV-CAS,Castle Grace,Castle Ridge,clean dialogue two-shot,50mm-equivalent,clear late-morning,summer master,"home base, council, feast, celebration",13,two 34x52-cell figures plus gesture clearance,author against runtime projection; provisional horizon 56% until integration upgrade,far_bg|bg|midground|character_plane|foreground|fx|lighting|shadow,required,PLANNED-NOT-CREATED
JV-CAS-STL-DLG-OTS-L-DAY-V001,JV-CAS,Castle Grace,Castle Ridge,clean over-shoulder left,65mm-equivalent,clear late-morning,summer master,"home base, council, feast, celebration",13,left foreground occluder delivered separately,author against runtime projection; provisional horizon 56% until integration upgrade,far_bg|bg|midground|character_plane|foreground|fx|lighting|shadow,required,PLANNED-NOT-CREATED
JV-CAS-STL-DLG-OTS-R-DAY-V001,JV-CAS,Castle Grace,Castle Ridge,clean over-shoulder right,65mm-equivalent,clear late-morning,summer master,"home base, council, feast, celebration",13,right foreground occluder delivered separately,author against runtime projection; provisional horizon 56% until integration upgrade,far_bg|bg|midground|character_plane|foreground|fx|lighting|shadow,required,PLANNED-NOT-CREATED
JV-CAS-STL-DLG-GRP-DAY-V001,JV-CAS,Castle Grace,Castle Ridge,three-to-five group dialogue,40mm-equivalent,clear late-morning,summer master,"home base, council, feast, celebration",13,five anchors with non-crossing eyelines,author against runtime projection; provisional horizon 56% until integration upgrade,far_bg|bg|midground|character_plane|foreground|fx|lighting|shadow,required,PLANNED-NOT-CREATED
JV-CAS-STL-ENS-13-DAY-V001,JV-CAS,Castle Grace,Castle Ridge,full-cast ensemble master,28mm-equivalent,clear late-morning,summer master,"home base, council, feast, celebration",13,thirteen anchors; only where capacity allows,author against runtime projection; provisional horizon 56% until integration upgrade,far_bg|bg|midground|character_plane|foreground|fx|lighting|shadow,required,PLANNED-NOT-CREATED
JV-CAS-STL-MOVE-LR-DAY-V001,JV-CAS,Castle Grace,Castle Ridge,side-tracking movement plate,35mm orthogonal-feel,clear late-morning,summer master,"home base, council, feast, celebration",13,unbroken lateral path across 70 percent width,author against runtime projection; provisional horizon 56% until integration upgrade,far_bg|bg|midground|character_plane|foreground|fx|lighting|shadow,required,PLANNED-NOT-CREATED
JV-CAS-STL-POV-DAY-V001,JV-CAS,Castle Grace,Castle Ridge,character point of view,45mm-equivalent,clear late-morning,summer master,"home base, council, feast, celebration",13,no baked character; clear focal subject,author against runtime projection; provisional horizon 56% until integration upgrade,far_bg|bg|midground|character_plane|foreground|fx|lighting|shadow,required,PLANNED-NOT-CREATED
JV-CAS-STL-INS-SGN-DAY-V001,JV-CAS,Castle Grace,Castle Ridge,controlled signage insert,70mm-equivalent,clear late-morning,summer master,"home base, council, feast, celebration",13,blank sign substrate for graphic pass,author against runtime projection; provisional horizon 56% until integration upgrade,far_bg|bg|midground|character_plane|foreground|fx|lighting|shadow,required,PLANNED-NOT-CREATED
JV-CAS-STL-CLN-DAY-V001,JV-CAS,Castle Grace,Castle Ridge,empty clean plate,matching master lens,clear late-morning,summer master,"home base, council, feast, celebration",13,no people or characters; restoration-ready,author against runtime projection; provisional horizon 56% until integration upgrade,far_bg|bg|midground|character_plane|foreground|fx|lighting|shadow,required,PLANNED-NOT-CREATED
JV-CAS-STL-CLN-GOLD-V001,JV-CAS,Castle Grace,Castle Ridge,empty clean plate,matching master lens,golden hour,summer master,"home base, council, feast, celebration",13,no people or characters; restoration-ready,author against runtime projection; provisional horizon 56% until integration upgrade,far_bg|bg|midground|character_plane|foreground|fx|lighting|shadow,required,PLANNED-NOT-CREATED
JV-CAS-STL-CLN-NIGHT-V001,JV-CAS,Castle Grace,Castle Ridge,empty clean plate,matching master lens,blue-hour-to-night,summer master,"home base, council, feast, celebration",13,no people or characters; restoration-ready,author against runtime projection; provisional horizon 56% until integration upgrade,far_bg|bg|midground|character_plane|foreground|fx|lighting|shadow,required,PLANNED-NOT-CREATED
JV-PRL-STL-EST-EW-DAY-V001,JV-PRL,Lantern Walk,Downtown,extreme-wide establishing,24mm-equivalent elevated,clear late-morning,summer master,"public life, shopping, buskers, encounters",13,large center-safe ensemble zone,author against runtime projection; provisional horizon 56% until integration upgrade,far_bg|bg|midground|character_plane|foreground|fx|lighting|shadow,required,PLANNED-NOT-CREATED
JV-PRL-STL-EST-EW-GOLD-V001,JV-PRL,Lantern Walk,Downtown,extreme-wide establishing,24mm-equivalent elevated,golden hour,summer master,"public life, shopping, buskers, encounters",13,large center-safe ensemble zone,author against runtime projection; provisional horizon 56% until integration upgrade,far_bg|bg|midground|character_plane|foreground|fx|lighting|shadow,required,PLANNED-NOT-CREATED
JV-PRL-STL-EST-EW-NIGHT-V001,JV-PRL,Lantern Walk,Downtown,extreme-wide establishing,24mm-equivalent elevated,blue-hour-to-night,summer master,"public life, shopping, buskers, encounters",13,large center-safe ensemble zone,author against runtime projection; provisional horizon 56% until integration upgrade,far_bg|bg|midground|character_plane|foreground|fx|lighting|shadow,required,PLANNED-NOT-CREATED
JV-PRL-STL-EXT-MAS-DAY-V001,JV-PRL,Lantern Walk,Downtown,exterior master,28mm-equivalent eye-level,clear late-morning,summer master,"public life, shopping, buskers, encounters",13,arrival path and doorway clear,author against runtime projection; provisional horizon 56% until integration upgrade,far_bg|bg|midground|character_plane|foreground|fx|lighting|shadow,required,PLANNED-NOT-CREATED
JV-PRL-STL-EXT-MAS-GOLD-V001,JV-PRL,Lantern Walk,Downtown,exterior master,28mm-equivalent eye-level,golden hour,summer master,"public life, shopping, buskers, encounters",13,arrival path and doorway clear,author against runtime projection; provisional horizon 56% until integration upgrade,far_bg|bg|midground|character_plane|foreground|fx|lighting|shadow,required,PLANNED-NOT-CREATED
JV-PRL-STL-EXT-MAS-NIGHT-V001,JV-PRL,Lantern Walk,Downtown,exterior master,28mm-equivalent eye-level,blue-hour-to-night,summer master,"public life, shopping, buskers, encounters",13,arrival path and doorway clear,author against runtime projection; provisional horizon 56% until integration upgrade,far_bg|bg|midground|character_plane|foreground|fx|lighting|shadow,required,PLANNED-NOT-CREATED
JV-PRL-STL-EXT-REV-DAY-V001,JV-PRL,Lantern Walk,Downtown,exterior reverse,35mm-equivalent eye-level,clear late-morning,summer master,"public life, shopping, buskers, encounters",13,departure path and town orientation clear,author against runtime projection; provisional horizon 56% until integration upgrade,far_bg|bg|midground|character_plane|foreground|fx|lighting|shadow,required,PLANNED-NOT-CREATED
JV-PRL-STL-INT-MAS-DAY-V001,JV-PRL,Lantern Walk,Downtown,interior or primary-area master,28mm-equivalent,clear late-morning,summer master,"public life, shopping, buskers, encounters",13,full walkable floor and all exits visible,author against runtime projection; provisional horizon 56% until integration upgrade,far_bg|bg|midground|character_plane|foreground|fx|lighting|shadow,required,PLANNED-NOT-CREATED
JV-PRL-STL-INT-MAS-GOLD-V001,JV-PRL,Lantern Walk,Downtown,interior or primary-area master,28mm-equivalent,golden hour,summer master,"public life, shopping, buskers, encounters",13,full walkable floor and all exits visible,author against runtime projection; provisional horizon 56% until integration upgrade,far_bg|bg|midground|character_plane|foreground|fx|lighting|shadow,required,PLANNED-NOT-CREATED
JV-PRL-STL-INT-MAS-NIGHT-V001,JV-PRL,Lantern Walk,Downtown,interior or primary-area master,28mm-equivalent,blue-hour-to-night,summer master,"public life, shopping, buskers, encounters",13,full walkable floor and all exits visible,author against runtime projection; provisional horizon 56% until integration upgrade,far_bg|bg|midground|character_plane|foreground|fx|lighting|shadow,required,PLANNED-NOT-CREATED
JV-PRL-STL-INT-REV-DAY-V001,JV-PRL,Lantern Walk,Downtown,reverse master,32mm-equivalent,clear late-morning,summer master,"public life, shopping, buskers, encounters",13,reverse eyelines and window continuity,author against runtime projection; provisional horizon 56% until integration upgrade,far_bg|bg|midground|character_plane|foreground|fx|lighting|shadow,required,PLANNED-NOT-CREATED
JV-PRL-STL-DLG-2S-DAY-V001,JV-PRL,Lantern Walk,Downtown,clean dialogue two-shot,50mm-equivalent,clear late-morning,summer master,"public life, shopping, buskers, encounters",13,two 34x52-cell figures plus gesture clearance,author against runtime projection; provisional horizon 56% until integration upgrade,far_bg|bg|midground|character_plane|foreground|fx|lighting|shadow,required,PLANNED-NOT-CREATED
JV-PRL-STL-DLG-OTS-L-DAY-V001,JV-PRL,Lantern Walk,Downtown,clean over-shoulder left,65mm-equivalent,clear late-morning,summer master,"public life, shopping, buskers, encounters",13,left foreground occluder delivered separately,author against runtime projection; provisional horizon 56% until integration upgrade,far_bg|bg|midground|character_plane|foreground|fx|lighting|shadow,required,PLANNED-NOT-CREATED
JV-PRL-STL-DLG-OTS-R-DAY-V001,JV-PRL,Lantern Walk,Downtown,clean over-shoulder right,65mm-equivalent,clear late-morning,summer master,"public life, shopping, buskers, encounters",13,right foreground occluder delivered separately,author against runtime projection; provisional horizon 56% until integration upgrade,far_bg|bg|midground|character_plane|foreground|fx|lighting|shadow,required,PLANNED-NOT-CREATED
JV-PRL-STL-DLG-GRP-DAY-V001,JV-PRL,Lantern Walk,Downtown,three-to-five group dialogue,40mm-equivalent,clear late-morning,summer master,"public life, shopping, buskers, encounters",13,five anchors with non-crossing eyelines,author against runtime projection; provisional horizon 56% until integration upgrade,far_bg|bg|midground|character_plane|foreground|fx|lighting|shadow,required,PLANNED-NOT-CREATED
JV-PRL-STL-ENS-13-DAY-V001,JV-PRL,Lantern Walk,Downtown,full-cast ensemble master,28mm-equivalent,clear late-morning,summer master,"public life, shopping, buskers, encounters",13,thirteen anchors; only where capacity allows,author against runtime projection; provisional horizon 56% until integration upgrade,far_bg|bg|midground|character_plane|foreground|fx|lighting|shadow,required,PLANNED-NOT-CREATED
JV-PRL-STL-MOVE-LR-DAY-V001,JV-PRL,Lantern Walk,Downtown,side-tracking movement plate,35mm orthogonal-feel,clear late-morning,summer master,"public life, shopping, buskers, encounters",13,unbroken lateral path across 70 percent width,author against runtime projection; provisional horizon 56% until integration upgrade,far_bg|bg|midground|character_plane|foreground|fx|lighting|shadow,required,PLANNED-NOT-CREATED
JV-PRL-STL-POV-DAY-V001,JV-PRL,Lantern Walk,Downtown,character point of view,45mm-equivalent,clear late-morning,summer master,"public life, shopping, buskers, encounters",13,no baked character; clear focal subject,author against runtime projection; provisional horizon 56% until integration upgrade,far_bg|bg|midground|character_plane|foreground|fx|lighting|shadow,required,PLANNED-NOT-CREATED
JV-PRL-STL-INS-SGN-DAY-V001,JV-PRL,Lantern Walk,Downtown,controlled signage insert,70mm-equivalent,clear late-morning,summer master,"public life, shopping, buskers, encounters",13,blank sign substrate for graphic pass,author against runtime projection; provisional horizon 56% until integration upgrade,far_bg|bg|midground|character_plane|foreground|fx|lighting|shadow,required,PLANNED-NOT-CREATED
JV-PRL-STL-CLN-DAY-V001,JV-PRL,Lantern Walk,Downtown,empty clean plate,matching master lens,clear late-morning,summer master,"public life, shopping, buskers, encounters",13,no people or characters; restoration-ready,author against runtime projection; provisional horizon 56% until integration upgrade,far_bg|bg|midground|character_plane|foreground|fx|lighting|shadow,required,PLANNED-NOT-CREATED
JV-PRL-STL-CLN-GOLD-V001,JV-PRL,Lantern Walk,Downtown,empty clean plate,matching master lens,golden hour,summer master,"public life, shopping, buskers, encounters",13,no people or characters; restoration-ready,author against runtime projection; provisional horizon 56% until integration upgrade,far_bg|bg|midground|character_plane|foreground|fx|lighting|shadow,required,PLANNED-NOT-CREATED
JV-PRL-STL-CLN-NIGHT-V001,JV-PRL,Lantern Walk,Downtown,empty clean plate,matching master lens,blue-hour-to-night,summer master,"public life, shopping, buskers, encounters",13,no people or characters; restoration-ready,author against runtime projection; provisional horizon 56% until integration upgrade,far_bg|bg|midground|character_plane|foreground|fx|lighting|shadow,required,PLANNED-NOT-CREATED
JV-JUI-STL-EST-EW-DAY-V001,JV-JUI,Brightroot Juice Bar,Wellness,extreme-wide establishing,24mm-equivalent elevated,clear late-morning,summer master,"quick meetings, healthy ritual, comedy",5,large center-safe ensemble zone,author against runtime projection; provisional horizon 56% until integration upgrade,far_bg|bg|midground|character_plane|foreground|fx|lighting|shadow,required,PLANNED-NOT-CREATED
JV-JUI-STL-EST-EW-GOLD-V001,JV-JUI,Brightroot Juice Bar,Wellness,extreme-wide establishing,24mm-equivalent elevated,golden hour,summer master,"quick meetings, healthy ritual, comedy",5,large center-safe ensemble zone,author against runtime projection; provisional horizon 56% until integration upgrade,far_bg|bg|midground|character_plane|foreground|fx|lighting|shadow,required,PLANNED-NOT-CREATED
JV-JUI-STL-EST-EW-NIGHT-V001,JV-JUI,Brightroot Juice Bar,Wellness,extreme-wide establishing,24mm-equivalent elevated,blue-hour-to-night,summer master,"quick meetings, healthy ritual, comedy",5,large center-safe ensemble zone,author against runtime projection; provisional horizon 56% until integration upgrade,far_bg|bg|midground|character_plane|foreground|fx|lighting|shadow,required,PLANNED-NOT-CREATED
JV-JUI-STL-EXT-MAS-DAY-V001,JV-JUI,Brightroot Juice Bar,Wellness,exterior master,28mm-equivalent eye-level,clear late-morning,summer master,"quick meetings, healthy ritual, comedy",5,arrival path and doorway clear,author against runtime projection; provisional horizon 56% until integration upgrade,far_bg|bg|midground|character_plane|foreground|fx|lighting|shadow,required,PLANNED-NOT-CREATED
JV-JUI-STL-EXT-MAS-GOLD-V001,JV-JUI,Brightroot Juice Bar,Wellness,exterior master,28mm-equivalent eye-level,golden hour,summer master,"quick meetings, healthy ritual, comedy",5,arrival path and doorway clear,author against runtime projection; provisional horizon 56% until integration upgrade,far_bg|bg|midground|character_plane|foreground|fx|lighting|shadow,required,PLANNED-NOT-CREATED
JV-JUI-STL-EXT-MAS-NIGHT-V001,JV-JUI,Brightroot Juice Bar,Wellness,exterior master,28mm-equivalent eye-level,blue-hour-to-night,summer master,"quick meetings, healthy ritual, comedy",5,arrival path and doorway clear,author against runtime projection; provisional horizon 56% until integration upgrade,far_bg|bg|midground|character_plane|foreground|fx|lighting|shadow,required,PLANNED-NOT-CREATED
JV-JUI-STL-EXT-REV-DAY-V001,JV-JUI,Brightroot Juice Bar,Wellness,exterior reverse,35mm-equivalent eye-level,clear late-morning,summer master,"quick meetings, healthy ritual, comedy",5,departure path and town orientation clear,author against runtime projection; provisional horizon 56% until integration upgrade,far_bg|bg|midground|character_plane|foreground|fx|lighting|shadow,required,PLANNED-NOT-CREATED
JV-JUI-STL-INT-MAS-DAY-V001,JV-JUI,Brightroot Juice Bar,Wellness,interior or primary-area master,28mm-equivalent,clear late-morning,summer master,"quick meetings, healthy ritual, comedy",5,full walkable floor and all exits visible,author against runtime projection; provisional horizon 56% until integration upgrade,far_bg|bg|midground|character_plane|foreground|fx|lighting|shadow,required,PLANNED-NOT-CREATED
JV-JUI-STL-INT-MAS-GOLD-V001,JV-JUI,Brightroot Juice Bar,Wellness,interior or primary-area master,28mm-equivalent,golden hour,summer master,"quick meetings, healthy ritual, comedy",5,full walkable floor and all exits visible,author against runtime projection; provisional horizon 56% until integration upgrade,far_bg|bg|midground|character_plane|foreground|fx|lighting|shadow,required,PLANNED-NOT-CREATED
JV-JUI-STL-INT-MAS-NIGHT-V001,JV-JUI,Brightroot Juice Bar,Wellness,interior or primary-area master,28mm-equivalent,blue-hour-to-night,summer master,"quick meetings, healthy ritual, comedy",5,full walkable floor and all exits visible,author against runtime projection; provisional horizon 56% until integration upgrade,far_bg|bg|midground|character_plane|foreground|fx|lighting|shadow,required,PLANNED-NOT-CREATED
JV-JUI-STL-INT-REV-DAY-V001,JV-JUI,Brightroot Juice Bar,Wellness,reverse master,32mm-equivalent,clear late-morning,summer master,"quick meetings, healthy ritual, comedy",5,reverse eyelines and window continuity,author against runtime projection; provisional horizon 56% until integration upgrade,far_bg|bg|midground|character_plane|foreground|fx|lighting|shadow,required,PLANNED-NOT-CREATED
JV-JUI-STL-DLG-2S-DAY-V001,JV-JUI,Brightroot Juice Bar,Wellness,clean dialogue two-shot,50mm-equivalent,clear late-morning,summer master,"quick meetings, healthy ritual, comedy",5,two 34x52-cell figures plus gesture clearance,author against runtime projection; provisional horizon 56% until integration upgrade,far_bg|bg|midground|character_plane|foreground|fx|lighting|shadow,required,PLANNED-NOT-CREATED
JV-JUI-STL-DLG-OTS-L-DAY-V001,JV-JUI,Brightroot Juice Bar,Wellness,clean over-shoulder left,65mm-equivalent,clear late-morning,summer master,"quick meetings, healthy ritual, comedy",5,left foreground occluder delivered separately,author against runtime projection; provisional horizon 56% until integration upgrade,far_bg|bg|midground|character_plane|foreground|fx|lighting|shadow,required,PLANNED-NOT-CREATED
JV-JUI-STL-DLG-OTS-R-DAY-V001,JV-JUI,Brightroot Juice Bar,Wellness,clean over-shoulder right,65mm-equivalent,clear late-morning,summer master,"quick meetings, healthy ritual, comedy",5,right foreground occluder delivered separately,author against runtime projection; provisional horizon 56% until integration upgrade,far_bg|bg|midground|character_plane|foreground|fx|lighting|shadow,required,PLANNED-NOT-CREATED
JV-JUI-STL-DLG-GRP-DAY-V001,JV-JUI,Brightroot Juice Bar,Wellness,three-to-five group dialogue,40mm-equivalent,clear late-morning,summer master,"quick meetings, healthy ritual, comedy",5,five anchors with non-crossing eyelines,author against runtime projection; provisional horizon 56% until integration upgrade,far_bg|bg|midground|character_plane|foreground|fx|lighting|shadow,required,PLANNED-NOT-CREATED
JV-JUI-STL-MOVE-LR-DAY-V001,JV-JUI,Brightroot Juice Bar,Wellness,side-tracking movement plate,35mm orthogonal-feel,clear late-morning,summer master,"quick meetings, healthy ritual, comedy",5,unbroken lateral path across 70 percent width,author against runtime projection; provisional horizon 56% until integration upgrade,far_bg|bg|midground|character_plane|foreground|fx|lighting|shadow,required,PLANNED-NOT-CREATED
JV-JUI-STL-POV-DAY-V001,JV-JUI,Brightroot Juice Bar,Wellness,character point of view,45mm-equivalent,clear late-morning,summer master,"quick meetings, healthy ritual, comedy",5,no baked character; clear focal subject,author against runtime projection; provisional horizon 56% until integration upgrade,far_bg|bg|midground|character_plane|foreground|fx|lighting|shadow,required,PLANNED-NOT-CREATED
JV-JUI-STL-INS-SGN-DAY-V001,JV-JUI,Brightroot Juice Bar,Wellness,controlled signage insert,70mm-equivalent,clear late-morning,summer master,"quick meetings, healthy ritual, comedy",5,blank sign substrate for graphic pass,author against runtime projection; provisional horizon 56% until integration upgrade,far_bg|bg|midground|character_plane|foreground|fx|lighting|shadow,required,PLANNED-NOT-CREATED
JV-JUI-STL-CLN-DAY-V001,JV-JUI,Brightroot Juice Bar,Wellness,empty clean plate,matching master lens,clear late-morning,summer master,"quick meetings, healthy ritual, comedy",5,no people or characters; restoration-ready,author against runtime projection; provisional horizon 56% until integration upgrade,far_bg|bg|midground|character_plane|foreground|fx|lighting|shadow,required,PLANNED-NOT-CREATED
JV-JUI-STL-CLN-GOLD-V001,JV-JUI,Brightroot Juice Bar,Wellness,empty clean plate,matching master lens,golden hour,summer master,"quick meetings, healthy ritual, comedy",5,no people or characters; restoration-ready,author against runtime projection; provisional horizon 56% until integration upgrade,far_bg|bg|midground|character_plane|foreground|fx|lighting|shadow,required,PLANNED-NOT-CREATED
JV-JUI-STL-CLN-NIGHT-V001,JV-JUI,Brightroot Juice Bar,Wellness,empty clean plate,matching master lens,blue-hour-to-night,summer master,"quick meetings, healthy ritual, comedy",5,no people or characters; restoration-ready,author against runtime projection; provisional horizon 56% until integration upgrade,far_bg|bg|midground|character_plane|foreground|fx|lighting|shadow,required,PLANNED-NOT-CREATED
JV-TON-STL-EST-EW-DAY-V001,JV-TON,Juniper Tonic House,Wellness,extreme-wide establishing,24mm-equivalent elevated,clear late-morning,summer master,"intimate counsel, apothecary ritual",5,large center-safe ensemble zone,author against runtime projection; provisional horizon 56% until integration upgrade,far_bg|bg|midground|character_plane|foreground|fx|lighting|shadow,required,PLANNED-NOT-CREATED
JV-TON-STL-EST-EW-GOLD-V001,JV-TON,Juniper Tonic House,Wellness,extreme-wide establishing,24mm-equivalent elevated,golden hour,summer master,"intimate counsel, apothecary ritual",5,large center-safe ensemble zone,author against runtime projection; provisional horizon 56% until integration upgrade,far_bg|bg|midground|character_plane|foreground|fx|lighting|shadow,required,PLANNED-NOT-CREATED
JV-TON-STL-EST-EW-NIGHT-V001,JV-TON,Juniper Tonic House,Wellness,extreme-wide establishing,24mm-equivalent elevated,blue-hour-to-night,summer master,"intimate counsel, apothecary ritual",5,large center-safe ensemble zone,author against runtime projection; provisional horizon 56% until integration upgrade,far_bg|bg|midground|character_plane|foreground|fx|lighting|shadow,required,PLANNED-NOT-CREATED
JV-TON-STL-EXT-MAS-DAY-V001,JV-TON,Juniper Tonic House,Wellness,exterior master,28mm-equivalent eye-level,clear late-morning,summer master,"intimate counsel, apothecary ritual",5,arrival path and doorway clear,author against runtime projection; provisional horizon 56% until integration upgrade,far_bg|bg|midground|character_plane|foreground|fx|lighting|shadow,required,PLANNED-NOT-CREATED
JV-TON-STL-EXT-MAS-GOLD-V001,JV-TON,Juniper Tonic House,Wellness,exterior master,28mm-equivalent eye-level,golden hour,summer master,"intimate counsel, apothecary ritual",5,arrival path and doorway clear,author against runtime projection; provisional horizon 56% until integration upgrade,far_bg|bg|midground|character_plane|foreground|fx|lighting|shadow,required,PLANNED-NOT-CREATED
JV-TON-STL-EXT-MAS-NIGHT-V001,JV-TON,Juniper Tonic House,Wellness,exterior master,28mm-equivalent eye-level,blue-hour-to-night,summer master,"intimate counsel, apothecary ritual",5,arrival path and doorway clear,author against runtime projection; provisional horizon 56% until integration upgrade,far_bg|bg|midground|character_plane|foreground|fx|lighting|shadow,required,PLANNED-NOT-CREATED
JV-TON-STL-EXT-REV-DAY-V001,JV-TON,Juniper Tonic House,Wellness,exterior reverse,35mm-equivalent eye-level,clear late-morning,summer master,"intimate counsel, apothecary ritual",5,departure path and town orientation clear,author against runtime projection; provisional horizon 56% until integration upgrade,far_bg|bg|midground|character_plane|foreground|fx|lighting|shadow,required,PLANNED-NOT-CREATED
JV-TON-STL-INT-MAS-DAY-V001,JV-TON,Juniper Tonic House,Wellness,interior or primary-area master,28mm-equivalent,clear late-morning,summer master,"intimate counsel, apothecary ritual",5,full walkable floor and all exits visible,author against runtime projection; provisional horizon 56% until integration upgrade,far_bg|bg|midground|character_plane|foreground|fx|lighting|shadow,required,PLANNED-NOT-CREATED
JV-TON-STL-INT-MAS-GOLD-V001,JV-TON,Juniper Tonic House,Wellness,interior or primary-area master,28mm-equivalent,golden hour,summer master,"intimate counsel, apothecary ritual",5,full walkable floor and all exits visible,author against runtime projection; provisional horizon 56% until integration upgrade,far_bg|bg|midground|character_plane|foreground|fx|lighting|shadow,required,PLANNED-NOT-CREATED
JV-TON-STL-INT-MAS-NIGHT-V001,JV-TON,Juniper Tonic House,Wellness,interior or primary-area master,28mm-equivalent,blue-hour-to-night,summer master,"intimate counsel, apothecary ritual",5,full walkable floor and all exits visible,author against runtime projection; provisional horizon 56% until integration upgrade,far_bg|bg|midground|character_plane|foreground|fx|lighting|shadow,required,PLANNED-NOT-CREATED
JV-TON-STL-INT-REV-DAY-V001,JV-TON,Juniper Tonic House,Wellness,reverse master,32mm-equivalent,clear late-morning,summer master,"intimate counsel, apothecary ritual",5,reverse eyelines and window continuity,author against runtime projection; provisional horizon 56% until integration upgrade,far_bg|bg|midground|character_plane|foreground|fx|lighting|shadow,required,PLANNED-NOT-CREATED
JV-TON-STL-DLG-2S-DAY-V001,JV-TON,Juniper Tonic House,Wellness,clean dialogue two-shot,50mm-equivalent,clear late-morning,summer master,"intimate counsel, apothecary ritual",5,two 34x52-cell figures plus gesture clearance,author against runtime projection; provisional horizon 56% until integration upgrade,far_bg|bg|midground|character_plane|foreground|fx|lighting|shadow,required,PLANNED-NOT-CREATED
JV-TON-STL-DLG-OTS-L-DAY-V001,JV-TON,Juniper Tonic House,Wellness,clean over-shoulder left,65mm-equivalent,clear late-morning,summer master,"intimate counsel, apothecary ritual",5,left foreground occluder delivered separately,author against runtime projection; provisional horizon 56% until integration upgrade,far_bg|bg|midground|character_plane|foreground|fx|lighting|shadow,required,PLANNED-NOT-CREATED
JV-TON-STL-DLG-OTS-R-DAY-V001,JV-TON,Juniper Tonic House,Wellness,clean over-shoulder right,65mm-equivalent,clear late-morning,summer master,"intimate counsel, apothecary ritual",5,right foreground occluder delivered separately,author against runtime projection; provisional horizon 56% until integration upgrade,far_bg|bg|midground|character_plane|foreground|fx|lighting|shadow,required,PLANNED-NOT-CREATED
JV-TON-STL-DLG-GRP-DAY-V001,JV-TON,Juniper Tonic House,Wellness,three-to-five group dialogue,40mm-equivalent,clear late-morning,summer master,"intimate counsel, apothecary ritual",5,five anchors with non-crossing eyelines,author against runtime projection; provisional horizon 56% until integration upgrade,far_bg|bg|midground|character_plane|foreground|fx|lighting|shadow,required,PLANNED-NOT-CREATED
JV-TON-STL-MOVE-LR-DAY-V001,JV-TON,Juniper Tonic House,Wellness,side-tracking movement plate,35mm orthogonal-feel,clear late-morning,summer master,"intimate counsel, apothecary ritual",5,unbroken lateral path across 70 percent width,author against runtime projection; provisional horizon 56% until integration upgrade,far_bg|bg|midground|character_plane|foreground|fx|lighting|shadow,required,PLANNED-NOT-CREATED
JV-TON-STL-POV-DAY-V001,JV-TON,Juniper Tonic House,Wellness,character point of view,45mm-equivalent,clear late-morning,summer master,"intimate counsel, apothecary ritual",5,no baked character; clear focal subject,author against runtime projection; provisional horizon 56% until integration upgrade,far_bg|bg|midground|character_plane|foreground|fx|lighting|shadow,required,PLANNED-NOT-CREATED
JV-TON-STL-INS-SGN-DAY-V001,JV-TON,Juniper Tonic House,Wellness,controlled signage insert,70mm-equivalent,clear late-morning,summer master,"intimate counsel, apothecary ritual",5,blank sign substrate for graphic pass,author against runtime projection; provisional horizon 56% until integration upgrade,far_bg|bg|midground|character_plane|foreground|fx|lighting|shadow,required,PLANNED-NOT-CREATED
JV-TON-STL-CLN-DAY-V001,JV-TON,Juniper Tonic House,Wellness,empty clean plate,matching master lens,clear late-morning,summer master,"intimate counsel, apothecary ritual",5,no people or characters; restoration-ready,author against runtime projection; provisional horizon 56% until integration upgrade,far_bg|bg|midground|character_plane|foreground|fx|lighting|shadow,required,PLANNED-NOT-CREATED
JV-TON-STL-CLN-GOLD-V001,JV-TON,Juniper Tonic House,Wellness,empty clean plate,matching master lens,golden hour,summer master,"intimate counsel, apothecary ritual",5,no people or characters; restoration-ready,author against runtime projection; provisional horizon 56% until integration upgrade,far_bg|bg|midground|character_plane|foreground|fx|lighting|shadow,required,PLANNED-NOT-CREATED
JV-TON-STL-CLN-NIGHT-V001,JV-TON,Juniper Tonic House,Wellness,empty clean plate,matching master lens,blue-hour-to-night,summer master,"intimate counsel, apothecary ritual",5,no people or characters; restoration-ready,author against runtime projection; provisional horizon 56% until integration upgrade,far_bg|bg|midground|character_plane|foreground|fx|lighting|shadow,required,PLANNED-NOT-CREATED
JV-SUS-STL-EST-EW-DAY-V001,JV-SUS,Riverstone Sushi,Creek Corridor,extreme-wide establishing,24mm-equivalent elevated,clear late-morning,summer master,"meals, dates, ensemble celebration",13,large center-safe ensemble zone,author against runtime projection; provisional horizon 56% until integration upgrade,far_bg|bg|midground|character_plane|foreground|fx|lighting|shadow,required,PLANNED-NOT-CREATED
JV-SUS-STL-EST-EW-GOLD-V001,JV-SUS,Riverstone Sushi,Creek Corridor,extreme-wide establishing,24mm-equivalent elevated,golden hour,summer master,"meals, dates, ensemble celebration",13,large center-safe ensemble zone,author against runtime projection; provisional horizon 56% until integration upgrade,far_bg|bg|midground|character_plane|foreground|fx|lighting|shadow,required,PLANNED-NOT-CREATED
JV-SUS-STL-EST-EW-NIGHT-V001,JV-SUS,Riverstone Sushi,Creek Corridor,extreme-wide establishing,24mm-equivalent elevated,blue-hour-to-night,summer master,"meals, dates, ensemble celebration",13,large center-safe ensemble zone,author against runtime projection; provisional horizon 56% until integration upgrade,far_bg|bg|midground|character_plane|foreground|fx|lighting|shadow,required,PLANNED-NOT-CREATED
JV-SUS-STL-EXT-MAS-DAY-V001,JV-SUS,Riverstone Sushi,Creek Corridor,exterior master,28mm-equivalent eye-level,clear late-morning,summer master,"meals, dates, ensemble celebration",13,arrival path and doorway clear,author against runtime projection; provisional horizon 56% until integration upgrade,far_bg|bg|midground|character_plane|foreground|fx|lighting|shadow,required,PLANNED-NOT-CREATED
JV-SUS-STL-EXT-MAS-GOLD-V001,JV-SUS,Riverstone Sushi,Creek Corridor,exterior master,28mm-equivalent eye-level,golden hour,summer master,"meals, dates, ensemble celebration",13,arrival path and doorway clear,author against runtime projection; provisional horizon 56% until integration upgrade,far_bg|bg|midground|character_plane|foreground|fx|lighting|shadow,required,PLANNED-NOT-CREATED
JV-SUS-STL-EXT-MAS-NIGHT-V001,JV-SUS,Riverstone Sushi,Creek Corridor,exterior master,28mm-equivalent eye-level,blue-hour-to-night,summer master,"meals, dates, ensemble celebration",13,arrival path and doorway clear,author against runtime projection; provisional horizon 56% until integration upgrade,far_bg|bg|midground|character_plane|foreground|fx|lighting|shadow,required,PLANNED-NOT-CREATED
JV-SUS-STL-EXT-REV-DAY-V001,JV-SUS,Riverstone Sushi,Creek Corridor,exterior reverse,35mm-equivalent eye-level,clear late-morning,summer master,"meals, dates, ensemble celebration",13,departure path and town orientation clear,author against runtime projection; provisional horizon 56% until integration upgrade,far_bg|bg|midground|character_plane|foreground|fx|lighting|shadow,required,PLANNED-NOT-CREATED
JV-SUS-STL-INT-MAS-DAY-V001,JV-SUS,Riverstone Sushi,Creek Corridor,interior or primary-area master,28mm-equivalent,clear late-morning,summer master,"meals, dates, ensemble celebration",13,full walkable floor and all exits visible,author against runtime projection; provisional horizon 56% until integration upgrade,far_bg|bg|midground|character_plane|foreground|fx|lighting|shadow,required,PLANNED-NOT-CREATED
JV-SUS-STL-INT-MAS-GOLD-V001,JV-SUS,Riverstone Sushi,Creek Corridor,interior or primary-area master,28mm-equivalent,golden hour,summer master,"meals, dates, ensemble celebration",13,full walkable floor and all exits visible,author against runtime projection; provisional horizon 56% until integration upgrade,far_bg|bg|midground|character_plane|foreground|fx|lighting|shadow,required,PLANNED-NOT-CREATED
JV-SUS-STL-INT-MAS-NIGHT-V001,JV-SUS,Riverstone Sushi,Creek Corridor,interior or primary-area master,28mm-equivalent,blue-hour-to-night,summer master,"meals, dates, ensemble celebration",13,full walkable floor and all exits visible,author against runtime projection; provisional horizon 56% until integration upgrade,far_bg|bg|midground|character_plane|foreground|fx|lighting|shadow,required,PLANNED-NOT-CREATED
JV-SUS-STL-INT-REV-DAY-V001,JV-SUS,Riverstone Sushi,Creek Corridor,reverse master,32mm-equivalent,clear late-morning,summer master,"meals, dates, ensemble celebration",13,reverse eyelines and window continuity,author against runtime projection; provisional horizon 56% until integration upgrade,far_bg|bg|midground|character_plane|foreground|fx|lighting|shadow,required,PLANNED-NOT-CREATED
JV-SUS-STL-DLG-2S-DAY-V001,JV-SUS,Riverstone Sushi,Creek Corridor,clean dialogue two-shot,50mm-equivalent,clear late-morning,summer master,"meals, dates, ensemble celebration",13,two 34x52-cell figures plus gesture clearance,author against runtime projection; provisional horizon 56% until integration upgrade,far_bg|bg|midground|character_plane|foreground|fx|lighting|shadow,required,PLANNED-NOT-CREATED
JV-SUS-STL-DLG-OTS-L-DAY-V001,JV-SUS,Riverstone Sushi,Creek Corridor,clean over-shoulder left,65mm-equivalent,clear late-morning,summer master,"meals, dates, ensemble celebration",13,left foreground occluder delivered separately,author against runtime projection; provisional horizon 56% until integration upgrade,far_bg|bg|midground|character_plane|foreground|fx|lighting|shadow,required,PLANNED-NOT-CREATED
JV-SUS-STL-DLG-OTS-R-DAY-V001,JV-SUS,Riverstone Sushi,Creek Corridor,clean over-shoulder right,65mm-equivalent,clear late-morning,summer master,"meals, dates, ensemble celebration",13,right foreground occluder delivered separately,author against runtime projection; provisional horizon 56% until integration upgrade,far_bg|bg|midground|character_plane|foreground|fx|lighting|shadow,required,PLANNED-NOT-CREATED
JV-SUS-STL-DLG-GRP-DAY-V001,JV-SUS,Riverstone Sushi,Creek Corridor,three-to-five group dialogue,40mm-equivalent,clear late-morning,summer master,"meals, dates, ensemble celebration",13,five anchors with non-crossing eyelines,author against runtime projection; provisional horizon 56% until integration upgrade,far_bg|bg|midground|character_plane|foreground|fx|lighting|shadow,required,PLANNED-NOT-CREATED
JV-SUS-STL-ENS-13-DAY-V001,JV-SUS,Riverstone Sushi,Creek Corridor,full-cast ensemble master,28mm-equivalent,clear late-morning,summer master,"meals, dates, ensemble celebration",13,thirteen anchors; only where capacity allows,author against runtime projection; provisional horizon 56% until integration upgrade,far_bg|bg|midground|character_plane|foreground|fx|lighting|shadow,required,PLANNED-NOT-CREATED
JV-SUS-STL-MOVE-LR-DAY-V001,JV-SUS,Riverstone Sushi,Creek Corridor,side-tracking movement plate,35mm orthogonal-feel,clear late-morning,summer master,"meals, dates, ensemble celebration",13,unbroken lateral path across 70 percent width,author against runtime projection; provisional horizon 56% until integration upgrade,far_bg|bg|midground|character_plane|foreground|fx|lighting|shadow,required,PLANNED-NOT-CREATED
JV-SUS-STL-POV-DAY-V001,JV-SUS,Riverstone Sushi,Creek Corridor,character point of view,45mm-equivalent,clear late-morning,summer master,"meals, dates, ensemble celebration",13,no baked character; clear focal subject,author against runtime projection; provisional horizon 56% until integration upgrade,far_bg|bg|midground|character_plane|foreground|fx|lighting|shadow,required,PLANNED-NOT-CREATED
JV-SUS-STL-INS-SGN-DAY-V001,JV-SUS,Riverstone Sushi,Creek Corridor,controlled signage insert,70mm-equivalent,clear late-morning,summer master,"meals, dates, ensemble celebration",13,blank sign substrate for graphic pass,author against runtime projection; provisional horizon 56% until integration upgrade,far_bg|bg|midground|character_plane|foreground|fx|lighting|shadow,required,PLANNED-NOT-CREATED
JV-SUS-STL-CLN-DAY-V001,JV-SUS,Riverstone Sushi,Creek Corridor,empty clean plate,matching master lens,clear late-morning,summer master,"meals, dates, ensemble celebration",13,no people or characters; restoration-ready,author against runtime projection; provisional horizon 56% until integration upgrade,far_bg|bg|midground|character_plane|foreground|fx|lighting|shadow,required,PLANNED-NOT-CREATED
JV-SUS-STL-CLN-GOLD-V001,JV-SUS,Riverstone Sushi,Creek Corridor,empty clean plate,matching master lens,golden hour,summer master,"meals, dates, ensemble celebration",13,no people or characters; restoration-ready,author against runtime projection; provisional horizon 56% until integration upgrade,far_bg|bg|midground|character_plane|foreground|fx|lighting|shadow,required,PLANNED-NOT-CREATED
JV-SUS-STL-CLN-NIGHT-V001,JV-SUS,Riverstone Sushi,Creek Corridor,empty clean plate,matching master lens,blue-hour-to-night,summer master,"meals, dates, ensemble celebration",13,no people or characters; restoration-ready,author against runtime projection; provisional horizon 56% until integration upgrade,far_bg|bg|midground|character_plane|foreground|fx|lighting|shadow,required,PLANNED-NOT-CREATED
JV-GRO-STL-EST-EW-DAY-V001,JV-GRO,Joeville Commons Market,Wellness,extreme-wide establishing,24mm-equivalent elevated,clear late-morning,summer master,"shopping, chance encounters, errands",8,large center-safe ensemble zone,author against runtime projection; provisional horizon 56% until integration upgrade,far_bg|bg|midground|character_plane|foreground|fx|lighting|shadow,required,PLANNED-NOT-CREATED
JV-GRO-STL-EST-EW-GOLD-V001,JV-GRO,Joeville Commons Market,Wellness,extreme-wide establishing,24mm-equivalent elevated,golden hour,summer master,"shopping, chance encounters, errands",8,large center-safe ensemble zone,author against runtime projection; provisional horizon 56% until integration upgrade,far_bg|bg|midground|character_plane|foreground|fx|lighting|shadow,required,PLANNED-NOT-CREATED
JV-GRO-STL-EST-EW-NIGHT-V001,JV-GRO,Joeville Commons Market,Wellness,extreme-wide establishing,24mm-equivalent elevated,blue-hour-to-night,summer master,"shopping, chance encounters, errands",8,large center-safe ensemble zone,author against runtime projection; provisional horizon 56% until integration upgrade,far_bg|bg|midground|character_plane|foreground|fx|lighting|shadow,required,PLANNED-NOT-CREATED
JV-GRO-STL-EXT-MAS-DAY-V001,JV-GRO,Joeville Commons Market,Wellness,exterior master,28mm-equivalent eye-level,clear late-morning,summer master,"shopping, chance encounters, errands",8,arrival path and doorway clear,author against runtime projection; provisional horizon 56% until integration upgrade,far_bg|bg|midground|character_plane|foreground|fx|lighting|shadow,required,PLANNED-NOT-CREATED
JV-GRO-STL-EXT-MAS-GOLD-V001,JV-GRO,Joeville Commons Market,Wellness,exterior master,28mm-equivalent eye-level,golden hour,summer master,"shopping, chance encounters, errands",8,arrival path and doorway clear,author against runtime projection; provisional horizon 56% until integration upgrade,far_bg|bg|midground|character_plane|foreground|fx|lighting|shadow,required,PLANNED-NOT-CREATED
JV-GRO-STL-EXT-MAS-NIGHT-V001,JV-GRO,Joeville Commons Market,Wellness,exterior master,28mm-equivalent eye-level,blue-hour-to-night,summer master,"shopping, chance encounters, errands",8,arrival path and doorway clear,author against runtime projection; provisional horizon 56% until integration upgrade,far_bg|bg|midground|character_plane|foreground|fx|lighting|shadow,required,PLANNED-NOT-CREATED
JV-GRO-STL-EXT-REV-DAY-V001,JV-GRO,Joeville Commons Market,Wellness,exterior reverse,35mm-equivalent eye-level,clear late-morning,summer master,"shopping, chance encounters, errands",8,departure path and town orientation clear,author against runtime projection; provisional horizon 56% until integration upgrade,far_bg|bg|midground|character_plane|foreground|fx|lighting|shadow,required,PLANNED-NOT-CREATED
JV-GRO-STL-INT-MAS-DAY-V001,JV-GRO,Joeville Commons Market,Wellness,interior or primary-area master,28mm-equivalent,clear late-morning,summer master,"shopping, chance encounters, errands",8,full walkable floor and all exits visible,author against runtime projection; provisional horizon 56% until integration upgrade,far_bg|bg|midground|character_plane|foreground|fx|lighting|shadow,required,PLANNED-NOT-CREATED
JV-GRO-STL-INT-MAS-GOLD-V001,JV-GRO,Joeville Commons Market,Wellness,interior or primary-area master,28mm-equivalent,golden hour,summer master,"shopping, chance encounters, errands",8,full walkable floor and all exits visible,author against runtime projection; provisional horizon 56% until integration upgrade,far_bg|bg|midground|character_plane|foreground|fx|lighting|shadow,required,PLANNED-NOT-CREATED
JV-GRO-STL-INT-MAS-NIGHT-V001,JV-GRO,Joeville Commons Market,Wellness,interior or primary-area master,28mm-equivalent,blue-hour-to-night,summer master,"shopping, chance encounters, errands",8,full walkable floor and all exits visible,author against runtime projection; provisional horizon 56% until integration upgrade,far_bg|bg|midground|character_plane|foreground|fx|lighting|shadow,required,PLANNED-NOT-CREATED
JV-GRO-STL-INT-REV-DAY-V001,JV-GRO,Joeville Commons Market,Wellness,reverse master,32mm-equivalent,clear late-morning,summer master,"shopping, chance encounters, errands",8,reverse eyelines and window continuity,author against runtime projection; provisional horizon 56% until integration upgrade,far_bg|bg|midground|character_plane|foreground|fx|lighting|shadow,required,PLANNED-NOT-CREATED
JV-GRO-STL-DLG-2S-DAY-V001,JV-GRO,Joeville Commons Market,Wellness,clean dialogue two-shot,50mm-equivalent,clear late-morning,summer master,"shopping, chance encounters, errands",8,two 34x52-cell figures plus gesture clearance,author against runtime projection; provisional horizon 56% until integration upgrade,far_bg|bg|midground|character_plane|foreground|fx|lighting|shadow,required,PLANNED-NOT-CREATED
JV-GRO-STL-DLG-OTS-L-DAY-V001,JV-GRO,Joeville Commons Market,Wellness,clean over-shoulder left,65mm-equivalent,clear late-morning,summer master,"shopping, chance encounters, errands",8,left foreground occluder delivered separately,author against runtime projection; provisional horizon 56% until integration upgrade,far_bg|bg|midground|character_plane|foreground|fx|lighting|shadow,required,PLANNED-NOT-CREATED
JV-GRO-STL-DLG-OTS-R-DAY-V001,JV-GRO,Joeville Commons Market,Wellness,clean over-shoulder right,65mm-equivalent,clear late-morning,summer master,"shopping, chance encounters, errands",8,right foreground occluder delivered separately,author against runtime projection; provisional horizon 56% until integration upgrade,far_bg|bg|midground|character_plane|foreground|fx|lighting|shadow,required,PLANNED-NOT-CREATED
JV-GRO-STL-DLG-GRP-DAY-V001,JV-GRO,Joeville Commons Market,Wellness,three-to-five group dialogue,40mm-equivalent,clear late-morning,summer master,"shopping, chance encounters, errands",8,five anchors with non-crossing eyelines,author against runtime projection; provisional horizon 56% until integration upgrade,far_bg|bg|midground|character_plane|foreground|fx|lighting|shadow,required,PLANNED-NOT-CREATED
JV-GRO-STL-MOVE-LR-DAY-V001,JV-GRO,Joeville Commons Market,Wellness,side-tracking movement plate,35mm orthogonal-feel,clear late-morning,summer master,"shopping, chance encounters, errands",8,unbroken lateral path across 70 percent width,author against runtime projection; provisional horizon 56% until integration upgrade,far_bg|bg|midground|character_plane|foreground|fx|lighting|shadow,required,PLANNED-NOT-CREATED
JV-GRO-STL-POV-DAY-V001,JV-GRO,Joeville Commons Market,Wellness,character point of view,45mm-equivalent,clear late-morning,summer master,"shopping, chance encounters, errands",8,no baked character; clear focal subject,author against runtime projection; provisional horizon 56% until integration upgrade,far_bg|bg|midground|character_plane|foreground|fx|lighting|shadow,required,PLANNED-NOT-CREATED
JV-GRO-STL-INS-SGN-DAY-V001,JV-GRO,Joeville Commons Market,Wellness,controlled signage insert,70mm-equivalent,clear late-morning,summer master,"shopping, chance encounters, errands",8,blank sign substrate for graphic pass,author against runtime projection; provisional horizon 56% until integration upgrade,far_bg|bg|midground|character_plane|foreground|fx|lighting|shadow,required,PLANNED-NOT-CREATED
JV-GRO-STL-CLN-DAY-V001,JV-GRO,Joeville Commons Market,Wellness,empty clean plate,matching master lens,clear late-morning,summer master,"shopping, chance encounters, errands",8,no people or characters; restoration-ready,author against runtime projection; provisional horizon 56% until integration upgrade,far_bg|bg|midground|character_plane|foreground|fx|lighting|shadow,required,PLANNED-NOT-CREATED
JV-GRO-STL-CLN-GOLD-V001,JV-GRO,Joeville Commons Market,Wellness,empty clean plate,matching master lens,golden hour,summer master,"shopping, chance encounters, errands",8,no people or characters; restoration-ready,author against runtime projection; provisional horizon 56% until integration upgrade,far_bg|bg|midground|character_plane|foreground|fx|lighting|shadow,required,PLANNED-NOT-CREATED
JV-GRO-STL-CLN-NIGHT-V001,JV-GRO,Joeville Commons Market,Wellness,empty clean plate,matching master lens,blue-hour-to-night,summer master,"shopping, chance encounters, errands",8,no people or characters; restoration-ready,author against runtime projection; provisional horizon 56% until integration upgrade,far_bg|bg|midground|character_plane|foreground|fx|lighting|shadow,required,PLANNED-NOT-CREATED
JV-CRK-STL-EST-EW-DAY-V001,JV-CRK,Joeville Creek Path,Creek Corridor,extreme-wide establishing,24mm-equivalent elevated,clear late-morning,summer master,walking dialogue and transitions,5,large center-safe ensemble zone,author against runtime projection; provisional horizon 56% until integration upgrade,far_bg|bg|midground|character_plane|foreground|fx|lighting|shadow,required,PLANNED-NOT-CREATED
JV-CRK-STL-EST-EW-GOLD-V001,JV-CRK,Joeville Creek Path,Creek Corridor,extreme-wide establishing,24mm-equivalent elevated,golden hour,summer master,walking dialogue and transitions,5,large center-safe ensemble zone,author against runtime projection; provisional horizon 56% until integration upgrade,far_bg|bg|midground|character_plane|foreground|fx|lighting|shadow,required,PLANNED-NOT-CREATED
JV-CRK-STL-EST-EW-NIGHT-V001,JV-CRK,Joeville Creek Path,Creek Corridor,extreme-wide establishing,24mm-equivalent elevated,blue-hour-to-night,summer master,walking dialogue and transitions,5,large center-safe ensemble zone,author against runtime projection; provisional horizon 56% until integration upgrade,far_bg|bg|midground|character_plane|foreground|fx|lighting|shadow,required,PLANNED-NOT-CREATED
JV-CRK-STL-EXT-MAS-DAY-V001,JV-CRK,Joeville Creek Path,Creek Corridor,exterior master,28mm-equivalent eye-level,clear late-morning,summer master,walking dialogue and transitions,5,arrival path and doorway clear,author against runtime projection; provisional horizon 56% until integration upgrade,far_bg|bg|midground|character_plane|foreground|fx|lighting|shadow,required,PLANNED-NOT-CREATED
JV-CRK-STL-EXT-MAS-GOLD-V001,JV-CRK,Joeville Creek Path,Creek Corridor,exterior master,28mm-equivalent eye-level,golden hour,summer master,walking dialogue and transitions,5,arrival path and doorway clear,author against runtime projection; provisional horizon 56% until integration upgrade,far_bg|bg|midground|character_plane|foreground|fx|lighting|shadow,required,PLANNED-NOT-CREATED
JV-CRK-STL-EXT-MAS-NIGHT-V001,JV-CRK,Joeville Creek Path,Creek Corridor,exterior master,28mm-equivalent eye-level,blue-hour-to-night,summer master,walking dialogue and transitions,5,arrival path and doorway clear,author against runtime projection; provisional horizon 56% until integration upgrade,far_bg|bg|midground|character_plane|foreground|fx|lighting|shadow,required,PLANNED-NOT-CREATED
JV-CRK-STL-EXT-REV-DAY-V001,JV-CRK,Joeville Creek Path,Creek Corridor,exterior reverse,35mm-equivalent eye-level,clear late-morning,summer master,walking dialogue and transitions,5,departure path and town orientation clear,author against runtime projection; provisional horizon 56% until integration upgrade,far_bg|bg|midground|character_plane|foreground|fx|lighting|shadow,required,PLANNED-NOT-CREATED
JV-CRK-STL-INT-MAS-DAY-V001,JV-CRK,Joeville Creek Path,Creek Corridor,interior or primary-area master,28mm-equivalent,clear late-morning,summer master,walking dialogue and transitions,5,full walkable floor and all exits visible,author against runtime projection; provisional horizon 56% until integration upgrade,far_bg|bg|midground|character_plane|foreground|fx|lighting|shadow,required,PLANNED-NOT-CREATED
JV-CRK-STL-INT-MAS-GOLD-V001,JV-CRK,Joeville Creek Path,Creek Corridor,interior or primary-area master,28mm-equivalent,golden hour,summer master,walking dialogue and transitions,5,full walkable floor and all exits visible,author against runtime projection; provisional horizon 56% until integration upgrade,far_bg|bg|midground|character_plane|foreground|fx|lighting|shadow,required,PLANNED-NOT-CREATED
JV-CRK-STL-INT-MAS-NIGHT-V001,JV-CRK,Joeville Creek Path,Creek Corridor,interior or primary-area master,28mm-equivalent,blue-hour-to-night,summer master,walking dialogue and transitions,5,full walkable floor and all exits visible,author against runtime projection; provisional horizon 56% until integration upgrade,far_bg|bg|midground|character_plane|foreground|fx|lighting|shadow,required,PLANNED-NOT-CREATED
JV-CRK-STL-INT-REV-DAY-V001,JV-CRK,Joeville Creek Path,Creek Corridor,reverse master,32mm-equivalent,clear late-morning,summer master,walking dialogue and transitions,5,reverse eyelines and window continuity,author against runtime projection; provisional horizon 56% until integration upgrade,far_bg|bg|midground|character_plane|foreground|fx|lighting|shadow,required,PLANNED-NOT-CREATED
JV-CRK-STL-DLG-2S-DAY-V001,JV-CRK,Joeville Creek Path,Creek Corridor,clean dialogue two-shot,50mm-equivalent,clear late-morning,summer master,walking dialogue and transitions,5,two 34x52-cell figures plus gesture clearance,author against runtime projection; provisional horizon 56% until integration upgrade,far_bg|bg|midground|character_plane|foreground|fx|lighting|shadow,required,PLANNED-NOT-CREATED
JV-CRK-STL-DLG-OTS-L-DAY-V001,JV-CRK,Joeville Creek Path,Creek Corridor,clean over-shoulder left,65mm-equivalent,clear late-morning,summer master,walking dialogue and transitions,5,left foreground occluder delivered separately,author against runtime projection; provisional horizon 56% until integration upgrade,far_bg|bg|midground|character_plane|foreground|fx|lighting|shadow,required,PLANNED-NOT-CREATED
JV-CRK-STL-DLG-OTS-R-DAY-V001,JV-CRK,Joeville Creek Path,Creek Corridor,clean over-shoulder right,65mm-equivalent,clear late-morning,summer master,walking dialogue and transitions,5,right foreground occluder delivered separately,author against runtime projection; provisional horizon 56% until integration upgrade,far_bg|bg|midground|character_plane|foreground|fx|lighting|shadow,required,PLANNED-NOT-CREATED
JV-CRK-STL-DLG-GRP-DAY-V001,JV-CRK,Joeville Creek Path,Creek Corridor,three-to-five group dialogue,40mm-equivalent,clear late-morning,summer master,walking dialogue and transitions,5,five anchors with non-crossing eyelines,author against runtime projection; provisional horizon 56% until integration upgrade,far_bg|bg|midground|character_plane|foreground|fx|lighting|shadow,required,PLANNED-NOT-CREATED
JV-CRK-STL-MOVE-LR-DAY-V001,JV-CRK,Joeville Creek Path,Creek Corridor,side-tracking movement plate,35mm orthogonal-feel,clear late-morning,summer master,walking dialogue and transitions,5,unbroken lateral path across 70 percent width,author against runtime projection; provisional horizon 56% until integration upgrade,far_bg|bg|midground|character_plane|foreground|fx|lighting|shadow,required,PLANNED-NOT-CREATED
JV-CRK-STL-POV-DAY-V001,JV-CRK,Joeville Creek Path,Creek Corridor,character point of view,45mm-equivalent,clear late-morning,summer master,walking dialogue and transitions,5,no baked character; clear focal subject,author against runtime projection; provisional horizon 56% until integration upgrade,far_bg|bg|midground|character_plane|foreground|fx|lighting|shadow,required,PLANNED-NOT-CREATED
JV-CRK-STL-INS-SGN-DAY-V001,JV-CRK,Joeville Creek Path,Creek Corridor,controlled signage insert,70mm-equivalent,clear late-morning,summer master,walking dialogue and transitions,5,blank sign substrate for graphic pass,author against runtime projection; provisional horizon 56% until integration upgrade,far_bg|bg|midground|character_plane|foreground|fx|lighting|shadow,required,PLANNED-NOT-CREATED
JV-CRK-STL-CLN-DAY-V001,JV-CRK,Joeville Creek Path,Creek Corridor,empty clean plate,matching master lens,clear late-morning,summer master,walking dialogue and transitions,5,no people or characters; restoration-ready,author against runtime projection; provisional horizon 56% until integration upgrade,far_bg|bg|midground|character_plane|foreground|fx|lighting|shadow,required,PLANNED-NOT-CREATED
JV-CRK-STL-CLN-GOLD-V001,JV-CRK,Joeville Creek Path,Creek Corridor,empty clean plate,matching master lens,golden hour,summer master,walking dialogue and transitions,5,no people or characters; restoration-ready,author against runtime projection; provisional horizon 56% until integration upgrade,far_bg|bg|midground|character_plane|foreground|fx|lighting|shadow,required,PLANNED-NOT-CREATED
JV-CRK-STL-CLN-NIGHT-V001,JV-CRK,Joeville Creek Path,Creek Corridor,empty clean plate,matching master lens,blue-hour-to-night,summer master,walking dialogue and transitions,5,no people or characters; restoration-ready,author against runtime projection; provisional horizon 56% until integration upgrade,far_bg|bg|midground|character_plane|foreground|fx|lighting|shadow,required,PLANNED-NOT-CREATED
JV-RES-STL-EST-EW-DAY-V001,JV-RES,Sunward Residential Street,Residential,extreme-wide establishing,24mm-equivalent elevated,clear late-morning,summer master,"home transitions, quiet daily life",5,large center-safe ensemble zone,author against runtime projection; provisional horizon 56% until integration upgrade,far_bg|bg|midground|character_plane|foreground|fx|lighting|shadow,required,PLANNED-NOT-CREATED
JV-RES-STL-EST-EW-GOLD-V001,JV-RES,Sunward Residential Street,Residential,extreme-wide establishing,24mm-equivalent elevated,golden hour,summer master,"home transitions, quiet daily life",5,large center-safe ensemble zone,author against runtime projection; provisional horizon 56% until integration upgrade,far_bg|bg|midground|character_plane|foreground|fx|lighting|shadow,required,PLANNED-NOT-CREATED
JV-RES-STL-EST-EW-NIGHT-V001,JV-RES,Sunward Residential Street,Residential,extreme-wide establishing,24mm-equivalent elevated,blue-hour-to-night,summer master,"home transitions, quiet daily life",5,large center-safe ensemble zone,author against runtime projection; provisional horizon 56% until integration upgrade,far_bg|bg|midground|character_plane|foreground|fx|lighting|shadow,required,PLANNED-NOT-CREATED
JV-RES-STL-EXT-MAS-DAY-V001,JV-RES,Sunward Residential Street,Residential,exterior master,28mm-equivalent eye-level,clear late-morning,summer master,"home transitions, quiet daily life",5,arrival path and doorway clear,author against runtime projection; provisional horizon 56% until integration upgrade,far_bg|bg|midground|character_plane|foreground|fx|lighting|shadow,required,PLANNED-NOT-CREATED
JV-RES-STL-EXT-MAS-GOLD-V001,JV-RES,Sunward Residential Street,Residential,exterior master,28mm-equivalent eye-level,golden hour,summer master,"home transitions, quiet daily life",5,arrival path and doorway clear,author against runtime projection; provisional horizon 56% until integration upgrade,far_bg|bg|midground|character_plane|foreground|fx|lighting|shadow,required,PLANNED-NOT-CREATED
JV-RES-STL-EXT-MAS-NIGHT-V001,JV-RES,Sunward Residential Street,Residential,exterior master,28mm-equivalent eye-level,blue-hour-to-night,summer master,"home transitions, quiet daily life",5,arrival path and doorway clear,author against runtime projection; provisional horizon 56% until integration upgrade,far_bg|bg|midground|character_plane|foreground|fx|lighting|shadow,required,PLANNED-NOT-CREATED
JV-RES-STL-EXT-REV-DAY-V001,JV-RES,Sunward Residential Street,Residential,exterior reverse,35mm-equivalent eye-level,clear late-morning,summer master,"home transitions, quiet daily life",5,departure path and town orientation clear,author against runtime projection; provisional horizon 56% until integration upgrade,far_bg|bg|midground|character_plane|foreground|fx|lighting|shadow,required,PLANNED-NOT-CREATED
JV-RES-STL-INT-MAS-DAY-V001,JV-RES,Sunward Residential Street,Residential,interior or primary-area master,28mm-equivalent,clear late-morning,summer master,"home transitions, quiet daily life",5,full walkable floor and all exits visible,author against runtime projection; provisional horizon 56% until integration upgrade,far_bg|bg|midground|character_plane|foreground|fx|lighting|shadow,required,PLANNED-NOT-CREATED
JV-RES-STL-INT-MAS-GOLD-V001,JV-RES,Sunward Residential Street,Residential,interior or primary-area master,28mm-equivalent,golden hour,summer master,"home transitions, quiet daily life",5,full walkable floor and all exits visible,author against runtime projection; provisional horizon 56% until integration upgrade,far_bg|bg|midground|character_plane|foreground|fx|lighting|shadow,required,PLANNED-NOT-CREATED
JV-RES-STL-INT-MAS-NIGHT-V001,JV-RES,Sunward Residential Street,Residential,interior or primary-area master,28mm-equivalent,blue-hour-to-night,summer master,"home transitions, quiet daily life",5,full walkable floor and all exits visible,author against runtime projection; provisional horizon 56% until integration upgrade,far_bg|bg|midground|character_plane|foreground|fx|lighting|shadow,required,PLANNED-NOT-CREATED
JV-RES-STL-INT-REV-DAY-V001,JV-RES,Sunward Residential Street,Residential,reverse master,32mm-equivalent,clear late-morning,summer master,"home transitions, quiet daily life",5,reverse eyelines and window continuity,author against runtime projection; provisional horizon 56% until integration upgrade,far_bg|bg|midground|character_plane|foreground|fx|lighting|shadow,required,PLANNED-NOT-CREATED
JV-RES-STL-DLG-2S-DAY-V001,JV-RES,Sunward Residential Street,Residential,clean dialogue two-shot,50mm-equivalent,clear late-morning,summer master,"home transitions, quiet daily life",5,two 34x52-cell figures plus gesture clearance,author against runtime projection; provisional horizon 56% until integration upgrade,far_bg|bg|midground|character_plane|foreground|fx|lighting|shadow,required,PLANNED-NOT-CREATED
JV-RES-STL-DLG-OTS-L-DAY-V001,JV-RES,Sunward Residential Street,Residential,clean over-shoulder left,65mm-equivalent,clear late-morning,summer master,"home transitions, quiet daily life",5,left foreground occluder delivered separately,author against runtime projection; provisional horizon 56% until integration upgrade,far_bg|bg|midground|character_plane|foreground|fx|lighting|shadow,required,PLANNED-NOT-CREATED
JV-RES-STL-DLG-OTS-R-DAY-V001,JV-RES,Sunward Residential Street,Residential,clean over-shoulder right,65mm-equivalent,clear late-morning,summer master,"home transitions, quiet daily life",5,right foreground occluder delivered separately,author against runtime projection; provisional horizon 56% until integration upgrade,far_bg|bg|midground|character_plane|foreground|fx|lighting|shadow,required,PLANNED-NOT-CREATED
JV-RES-STL-DLG-GRP-DAY-V001,JV-RES,Sunward Residential Street,Residential,three-to-five group dialogue,40mm-equivalent,clear late-morning,summer master,"home transitions, quiet daily life",5,five anchors with non-crossing eyelines,author against runtime projection; provisional horizon 56% until integration upgrade,far_bg|bg|midground|character_plane|foreground|fx|lighting|shadow,required,PLANNED-NOT-CREATED
JV-RES-STL-MOVE-LR-DAY-V001,JV-RES,Sunward Residential Street,Residential,side-tracking movement plate,35mm orthogonal-feel,clear late-morning,summer master,"home transitions, quiet daily life",5,unbroken lateral path across 70 percent width,author against runtime projection; provisional horizon 56% until integration upgrade,far_bg|bg|midground|character_plane|foreground|fx|lighting|shadow,required,PLANNED-NOT-CREATED
JV-RES-STL-POV-DAY-V001,JV-RES,Sunward Residential Street,Residential,character point of view,45mm-equivalent,clear late-morning,summer master,"home transitions, quiet daily life",5,no baked character; clear focal subject,author against runtime projection; provisional horizon 56% until integration upgrade,far_bg|bg|midground|character_plane|foreground|fx|lighting|shadow,required,PLANNED-NOT-CREATED
JV-RES-STL-INS-SGN-DAY-V001,JV-RES,Sunward Residential Street,Residential,controlled signage insert,70mm-equivalent,clear late-morning,summer master,"home transitions, quiet daily life",5,blank sign substrate for graphic pass,author against runtime projection; provisional horizon 56% until integration upgrade,far_bg|bg|midground|character_plane|foreground|fx|lighting|shadow,required,PLANNED-NOT-CREATED
JV-RES-STL-CLN-DAY-V001,JV-RES,Sunward Residential Street,Residential,empty clean plate,matching master lens,clear late-morning,summer master,"home transitions, quiet daily life",5,no people or characters; restoration-ready,author against runtime projection; provisional horizon 56% until integration upgrade,far_bg|bg|midground|character_plane|foreground|fx|lighting|shadow,required,PLANNED-NOT-CREATED
JV-RES-STL-CLN-GOLD-V001,JV-RES,Sunward Residential Street,Residential,empty clean plate,matching master lens,golden hour,summer master,"home transitions, quiet daily life",5,no people or characters; restoration-ready,author against runtime projection; provisional horizon 56% until integration upgrade,far_bg|bg|midground|character_plane|foreground|fx|lighting|shadow,required,PLANNED-NOT-CREATED
JV-RES-STL-CLN-NIGHT-V001,JV-RES,Sunward Residential Street,Residential,empty clean plate,matching master lens,blue-hour-to-night,summer master,"home transitions, quiet daily life",5,no people or characters; restoration-ready,author against runtime projection; provisional horizon 56% until integration upgrade,far_bg|bg|midground|character_plane|foreground|fx|lighting|shadow,required,PLANNED-NOT-CREATED
JV-PLZ-STL-EST-EW-DAY-V001,JV-PLZ,Civic Weave Plaza,Downtown,extreme-wide establishing,24mm-equivalent elevated,clear late-morning,summer master,"public gathering, announcements, ensemble",13,large center-safe ensemble zone,author against runtime projection; provisional horizon 56% until integration upgrade,far_bg|bg|midground|character_plane|foreground|fx|lighting|shadow,required,PLANNED-NOT-CREATED
JV-PLZ-STL-EST-EW-GOLD-V001,JV-PLZ,Civic Weave Plaza,Downtown,extreme-wide establishing,24mm-equivalent elevated,golden hour,summer master,"public gathering, announcements, ensemble",13,large center-safe ensemble zone,author against runtime projection; provisional horizon 56% until integration upgrade,far_bg|bg|midground|character_plane|foreground|fx|lighting|shadow,required,PLANNED-NOT-CREATED
JV-PLZ-STL-EST-EW-NIGHT-V001,JV-PLZ,Civic Weave Plaza,Downtown,extreme-wide establishing,24mm-equivalent elevated,blue-hour-to-night,summer master,"public gathering, announcements, ensemble",13,large center-safe ensemble zone,author against runtime projection; provisional horizon 56% until integration upgrade,far_bg|bg|midground|character_plane|foreground|fx|lighting|shadow,required,PLANNED-NOT-CREATED
JV-PLZ-STL-EXT-MAS-DAY-V001,JV-PLZ,Civic Weave Plaza,Downtown,exterior master,28mm-equivalent eye-level,clear late-morning,summer master,"public gathering, announcements, ensemble",13,arrival path and doorway clear,author against runtime projection; provisional horizon 56% until integration upgrade,far_bg|bg|midground|character_plane|foreground|fx|lighting|shadow,required,PLANNED-NOT-CREATED
JV-PLZ-STL-EXT-MAS-GOLD-V001,JV-PLZ,Civic Weave Plaza,Downtown,exterior master,28mm-equivalent eye-level,golden hour,summer master,"public gathering, announcements, ensemble",13,arrival path and doorway clear,author against runtime projection; provisional horizon 56% until integration upgrade,far_bg|bg|midground|character_plane|foreground|fx|lighting|shadow,required,PLANNED-NOT-CREATED
JV-PLZ-STL-EXT-MAS-NIGHT-V001,JV-PLZ,Civic Weave Plaza,Downtown,exterior master,28mm-equivalent eye-level,blue-hour-to-night,summer master,"public gathering, announcements, ensemble",13,arrival path and doorway clear,author against runtime projection; provisional horizon 56% until integration upgrade,far_bg|bg|midground|character_plane|foreground|fx|lighting|shadow,required,PLANNED-NOT-CREATED
JV-PLZ-STL-EXT-REV-DAY-V001,JV-PLZ,Civic Weave Plaza,Downtown,exterior reverse,35mm-equivalent eye-level,clear late-morning,summer master,"public gathering, announcements, ensemble",13,departure path and town orientation clear,author against runtime projection; provisional horizon 56% until integration upgrade,far_bg|bg|midground|character_plane|foreground|fx|lighting|shadow,required,PLANNED-NOT-CREATED
JV-PLZ-STL-INT-MAS-DAY-V001,JV-PLZ,Civic Weave Plaza,Downtown,interior or primary-area master,28mm-equivalent,clear late-morning,summer master,"public gathering, announcements, ensemble",13,full walkable floor and all exits visible,author against runtime projection; provisional horizon 56% until integration upgrade,far_bg|bg|midground|character_plane|foreground|fx|lighting|shadow,required,PLANNED-NOT-CREATED
JV-PLZ-STL-INT-MAS-GOLD-V001,JV-PLZ,Civic Weave Plaza,Downtown,interior or primary-area master,28mm-equivalent,golden hour,summer master,"public gathering, announcements, ensemble",13,full walkable floor and all exits visible,author against runtime projection; provisional horizon 56% until integration upgrade,far_bg|bg|midground|character_plane|foreground|fx|lighting|shadow,required,PLANNED-NOT-CREATED
JV-PLZ-STL-INT-MAS-NIGHT-V001,JV-PLZ,Civic Weave Plaza,Downtown,interior or primary-area master,28mm-equivalent,blue-hour-to-night,summer master,"public gathering, announcements, ensemble",13,full walkable floor and all exits visible,author against runtime projection; provisional horizon 56% until integration upgrade,far_bg|bg|midground|character_plane|foreground|fx|lighting|shadow,required,PLANNED-NOT-CREATED
JV-PLZ-STL-INT-REV-DAY-V001,JV-PLZ,Civic Weave Plaza,Downtown,reverse master,32mm-equivalent,clear late-morning,summer master,"public gathering, announcements, ensemble",13,reverse eyelines and window continuity,author against runtime projection; provisional horizon 56% until integration upgrade,far_bg|bg|midground|character_plane|foreground|fx|lighting|shadow,required,PLANNED-NOT-CREATED
JV-PLZ-STL-DLG-2S-DAY-V001,JV-PLZ,Civic Weave Plaza,Downtown,clean dialogue two-shot,50mm-equivalent,clear late-morning,summer master,"public gathering, announcements, ensemble",13,two 34x52-cell figures plus gesture clearance,author against runtime projection; provisional horizon 56% until integration upgrade,far_bg|bg|midground|character_plane|foreground|fx|lighting|shadow,required,PLANNED-NOT-CREATED
JV-PLZ-STL-DLG-OTS-L-DAY-V001,JV-PLZ,Civic Weave Plaza,Downtown,clean over-shoulder left,65mm-equivalent,clear late-morning,summer master,"public gathering, announcements, ensemble",13,left foreground occluder delivered separately,author against runtime projection; provisional horizon 56% until integration upgrade,far_bg|bg|midground|character_plane|foreground|fx|lighting|shadow,required,PLANNED-NOT-CREATED
JV-PLZ-STL-DLG-OTS-R-DAY-V001,JV-PLZ,Civic Weave Plaza,Downtown,clean over-shoulder right,65mm-equivalent,clear late-morning,summer master,"public gathering, announcements, ensemble",13,right foreground occluder delivered separately,author against runtime projection; provisional horizon 56% until integration upgrade,far_bg|bg|midground|character_plane|foreground|fx|lighting|shadow,required,PLANNED-NOT-CREATED
JV-PLZ-STL-DLG-GRP-DAY-V001,JV-PLZ,Civic Weave Plaza,Downtown,three-to-five group dialogue,40mm-equivalent,clear late-morning,summer master,"public gathering, announcements, ensemble",13,five anchors with non-crossing eyelines,author against runtime projection; provisional horizon 56% until integration upgrade,far_bg|bg|midground|character_plane|foreground|fx|lighting|shadow,required,PLANNED-NOT-CREATED
JV-PLZ-STL-ENS-13-DAY-V001,JV-PLZ,Civic Weave Plaza,Downtown,full-cast ensemble master,28mm-equivalent,clear late-morning,summer master,"public gathering, announcements, ensemble",13,thirteen anchors; only where capacity allows,author against runtime projection; provisional horizon 56% until integration upgrade,far_bg|bg|midground|character_plane|foreground|fx|lighting|shadow,required,PLANNED-NOT-CREATED
JV-PLZ-STL-MOVE-LR-DAY-V001,JV-PLZ,Civic Weave Plaza,Downtown,side-tracking movement plate,35mm orthogonal-feel,clear late-morning,summer master,"public gathering, announcements, ensemble",13,unbroken lateral path across 70 percent width,author against runtime projection; provisional horizon 56% until integration upgrade,far_bg|bg|midground|character_plane|foreground|fx|lighting|shadow,required,PLANNED-NOT-CREATED
JV-PLZ-STL-POV-DAY-V001,JV-PLZ,Civic Weave Plaza,Downtown,character point of view,45mm-equivalent,clear late-morning,summer master,"public gathering, announcements, ensemble",13,no baked character; clear focal subject,author against runtime projection; provisional horizon 56% until integration upgrade,far_bg|bg|midground|character_plane|foreground|fx|lighting|shadow,required,PLANNED-NOT-CREATED
JV-PLZ-STL-INS-SGN-DAY-V001,JV-PLZ,Civic Weave Plaza,Downtown,controlled signage insert,70mm-equivalent,clear late-morning,summer master,"public gathering, announcements, ensemble",13,blank sign substrate for graphic pass,author against runtime projection; provisional horizon 56% until integration upgrade,far_bg|bg|midground|character_plane|foreground|fx|lighting|shadow,required,PLANNED-NOT-CREATED
JV-PLZ-STL-CLN-DAY-V001,JV-PLZ,Civic Weave Plaza,Downtown,empty clean plate,matching master lens,clear late-morning,summer master,"public gathering, announcements, ensemble",13,no people or characters; restoration-ready,author against runtime projection; provisional horizon 56% until integration upgrade,far_bg|bg|midground|character_plane|foreground|fx|lighting|shadow,required,PLANNED-NOT-CREATED
JV-PLZ-STL-CLN-GOLD-V001,JV-PLZ,Civic Weave Plaza,Downtown,empty clean plate,matching master lens,golden hour,summer master,"public gathering, announcements, ensemble",13,no people or characters; restoration-ready,author against runtime projection; provisional horizon 56% until integration upgrade,far_bg|bg|midground|character_plane|foreground|fx|lighting|shadow,required,PLANNED-NOT-CREATED
JV-PLZ-STL-CLN-NIGHT-V001,JV-PLZ,Civic Weave Plaza,Downtown,empty clean plate,matching master lens,blue-hour-to-night,summer master,"public gathering, announcements, ensemble",13,no people or characters; restoration-ready,author against runtime projection; provisional horizon 56% until integration upgrade,far_bg|bg|midground|character_plane|foreground|fx|lighting|shadow,required,PLANNED-NOT-CREATED
JV-BRG-STL-EST-EW-DAY-V001,JV-BRG,Rainbow Footbridge,Creek Corridor,extreme-wide establishing,24mm-equivalent elevated,clear late-morning,summer master,"crossing, meeting, visual transition",5,large center-safe ensemble zone,author against runtime projection; provisional horizon 56% until integration upgrade,far_bg|bg|midground|character_plane|foreground|fx|lighting|shadow,required,PLANNED-NOT-CREATED
JV-BRG-STL-EST-EW-GOLD-V001,JV-BRG,Rainbow Footbridge,Creek Corridor,extreme-wide establishing,24mm-equivalent elevated,golden hour,summer master,"crossing, meeting, visual transition",5,large center-safe ensemble zone,author against runtime projection; provisional horizon 56% until integration upgrade,far_bg|bg|midground|character_plane|foreground|fx|lighting|shadow,required,PLANNED-NOT-CREATED
JV-BRG-STL-EST-EW-NIGHT-V001,JV-BRG,Rainbow Footbridge,Creek Corridor,extreme-wide establishing,24mm-equivalent elevated,blue-hour-to-night,summer master,"crossing, meeting, visual transition",5,large center-safe ensemble zone,author against runtime projection; provisional horizon 56% until integration upgrade,far_bg|bg|midground|character_plane|foreground|fx|lighting|shadow,required,PLANNED-NOT-CREATED
JV-BRG-STL-EXT-MAS-DAY-V001,JV-BRG,Rainbow Footbridge,Creek Corridor,exterior master,28mm-equivalent eye-level,clear late-morning,summer master,"crossing, meeting, visual transition",5,arrival path and doorway clear,author against runtime projection; provisional horizon 56% until integration upgrade,far_bg|bg|midground|character_plane|foreground|fx|lighting|shadow,required,PLANNED-NOT-CREATED
JV-BRG-STL-EXT-MAS-GOLD-V001,JV-BRG,Rainbow Footbridge,Creek Corridor,exterior master,28mm-equivalent eye-level,golden hour,summer master,"crossing, meeting, visual transition",5,arrival path and doorway clear,author against runtime projection; provisional horizon 56% until integration upgrade,far_bg|bg|midground|character_plane|foreground|fx|lighting|shadow,required,PLANNED-NOT-CREATED
JV-BRG-STL-EXT-MAS-NIGHT-V001,JV-BRG,Rainbow Footbridge,Creek Corridor,exterior master,28mm-equivalent eye-level,blue-hour-to-night,summer master,"crossing, meeting, visual transition",5,arrival path and doorway clear,author against runtime projection; provisional horizon 56% until integration upgrade,far_bg|bg|midground|character_plane|foreground|fx|lighting|shadow,required,PLANNED-NOT-CREATED
JV-BRG-STL-EXT-REV-DAY-V001,JV-BRG,Rainbow Footbridge,Creek Corridor,exterior reverse,35mm-equivalent eye-level,clear late-morning,summer master,"crossing, meeting, visual transition",5,departure path and town orientation clear,author against runtime projection; provisional horizon 56% until integration upgrade,far_bg|bg|midground|character_plane|foreground|fx|lighting|shadow,required,PLANNED-NOT-CREATED
JV-BRG-STL-INT-MAS-DAY-V001,JV-BRG,Rainbow Footbridge,Creek Corridor,interior or primary-area master,28mm-equivalent,clear late-morning,summer master,"crossing, meeting, visual transition",5,full walkable floor and all exits visible,author against runtime projection; provisional horizon 56% until integration upgrade,far_bg|bg|midground|character_plane|foreground|fx|lighting|shadow,required,PLANNED-NOT-CREATED
JV-BRG-STL-INT-MAS-GOLD-V001,JV-BRG,Rainbow Footbridge,Creek Corridor,interior or primary-area master,28mm-equivalent,golden hour,summer master,"crossing, meeting, visual transition",5,full walkable floor and all exits visible,author against runtime projection; provisional horizon 56% until integration upgrade,far_bg|bg|midground|character_plane|foreground|fx|lighting|shadow,required,PLANNED-NOT-CREATED
JV-BRG-STL-INT-MAS-NIGHT-V001,JV-BRG,Rainbow Footbridge,Creek Corridor,interior or primary-area master,28mm-equivalent,blue-hour-to-night,summer master,"crossing, meeting, visual transition",5,full walkable floor and all exits visible,author against runtime projection; provisional horizon 56% until integration upgrade,far_bg|bg|midground|character_plane|foreground|fx|lighting|shadow,required,PLANNED-NOT-CREATED
JV-BRG-STL-INT-REV-DAY-V001,JV-BRG,Rainbow Footbridge,Creek Corridor,reverse master,32mm-equivalent,clear late-morning,summer master,"crossing, meeting, visual transition",5,reverse eyelines and window continuity,author against runtime projection; provisional horizon 56% until integration upgrade,far_bg|bg|midground|character_plane|foreground|fx|lighting|shadow,required,PLANNED-NOT-CREATED
JV-BRG-STL-DLG-2S-DAY-V001,JV-BRG,Rainbow Footbridge,Creek Corridor,clean dialogue two-shot,50mm-equivalent,clear late-morning,summer master,"crossing, meeting, visual transition",5,two 34x52-cell figures plus gesture clearance,author against runtime projection; provisional horizon 56% until integration upgrade,far_bg|bg|midground|character_plane|foreground|fx|lighting|shadow,required,PLANNED-NOT-CREATED
JV-BRG-STL-DLG-OTS-L-DAY-V001,JV-BRG,Rainbow Footbridge,Creek Corridor,clean over-shoulder left,65mm-equivalent,clear late-morning,summer master,"crossing, meeting, visual transition",5,left foreground occluder delivered separately,author against runtime projection; provisional horizon 56% until integration upgrade,far_bg|bg|midground|character_plane|foreground|fx|lighting|shadow,required,PLANNED-NOT-CREATED
JV-BRG-STL-DLG-OTS-R-DAY-V001,JV-BRG,Rainbow Footbridge,Creek Corridor,clean over-shoulder right,65mm-equivalent,clear late-morning,summer master,"crossing, meeting, visual transition",5,right foreground occluder delivered separately,author against runtime projection; provisional horizon 56% until integration upgrade,far_bg|bg|midground|character_plane|foreground|fx|lighting|shadow,required,PLANNED-NOT-CREATED
JV-BRG-STL-DLG-GRP-DAY-V001,JV-BRG,Rainbow Footbridge,Creek Corridor,three-to-five group dialogue,40mm-equivalent,clear late-morning,summer master,"crossing, meeting, visual transition",5,five anchors with non-crossing eyelines,author against runtime projection; provisional horizon 56% until integration upgrade,far_bg|bg|midground|character_plane|foreground|fx|lighting|shadow,required,PLANNED-NOT-CREATED
JV-BRG-STL-MOVE-LR-DAY-V001,JV-BRG,Rainbow Footbridge,Creek Corridor,side-tracking movement plate,35mm orthogonal-feel,clear late-morning,summer master,"crossing, meeting, visual transition",5,unbroken lateral path across 70 percent width,author against runtime projection; provisional horizon 56% until integration upgrade,far_bg|bg|midground|character_plane|foreground|fx|lighting|shadow,required,PLANNED-NOT-CREATED
JV-BRG-STL-POV-DAY-V001,JV-BRG,Rainbow Footbridge,Creek Corridor,character point of view,45mm-equivalent,clear late-morning,summer master,"crossing, meeting, visual transition",5,no baked character; clear focal subject,author against runtime projection; provisional horizon 56% until integration upgrade,far_bg|bg|midground|character_plane|foreground|fx|lighting|shadow,required,PLANNED-NOT-CREATED
JV-BRG-STL-INS-SGN-DAY-V001,JV-BRG,Rainbow Footbridge,Creek Corridor,controlled signage insert,70mm-equivalent,clear late-morning,summer master,"crossing, meeting, visual transition",5,blank sign substrate for graphic pass,author against runtime projection; provisional horizon 56% until integration upgrade,far_bg|bg|midground|character_plane|foreground|fx|lighting|shadow,required,PLANNED-NOT-CREATED
JV-BRG-STL-CLN-DAY-V001,JV-BRG,Rainbow Footbridge,Creek Corridor,empty clean plate,matching master lens,clear late-morning,summer master,"crossing, meeting, visual transition",5,no people or characters; restoration-ready,author against runtime projection; provisional horizon 56% until integration upgrade,far_bg|bg|midground|character_plane|foreground|fx|lighting|shadow,required,PLANNED-NOT-CREATED
JV-BRG-STL-CLN-GOLD-V001,JV-BRG,Rainbow Footbridge,Creek Corridor,empty clean plate,matching master lens,golden hour,summer master,"crossing, meeting, visual transition",5,no people or characters; restoration-ready,author against runtime projection; provisional horizon 56% until integration upgrade,far_bg|bg|midground|character_plane|foreground|fx|lighting|shadow,required,PLANNED-NOT-CREATED
JV-BRG-STL-CLN-NIGHT-V001,JV-BRG,Rainbow Footbridge,Creek Corridor,empty clean plate,matching master lens,blue-hour-to-night,summer master,"crossing, meeting, visual transition",5,no people or characters; restoration-ready,author against runtime projection; provisional horizon 56% until integration upgrade,far_bg|bg|midground|character_plane|foreground|fx|lighting|shadow,required,PLANNED-NOT-CREATED
JV-OVR-STL-EST-EW-DAY-V001,JV-OVR,Westlight Overlook,Mountain,extreme-wide establishing,24mm-equivalent elevated,clear late-morning,summer master,"reflection, town POV, sunset",5,large center-safe ensemble zone,author against runtime projection; provisional horizon 56% until integration upgrade,far_bg|bg|midground|character_plane|foreground|fx|lighting|shadow,required,PLANNED-NOT-CREATED
JV-OVR-STL-EST-EW-GOLD-V001,JV-OVR,Westlight Overlook,Mountain,extreme-wide establishing,24mm-equivalent elevated,golden hour,summer master,"reflection, town POV, sunset",5,large center-safe ensemble zone,author against runtime projection; provisional horizon 56% until integration upgrade,far_bg|bg|midground|character_plane|foreground|fx|lighting|shadow,required,PLANNED-NOT-CREATED
JV-OVR-STL-EST-EW-NIGHT-V001,JV-OVR,Westlight Overlook,Mountain,extreme-wide establishing,24mm-equivalent elevated,blue-hour-to-night,summer master,"reflection, town POV, sunset",5,large center-safe ensemble zone,author against runtime projection; provisional horizon 56% until integration upgrade,far_bg|bg|midground|character_plane|foreground|fx|lighting|shadow,required,PLANNED-NOT-CREATED
JV-OVR-STL-EXT-MAS-DAY-V001,JV-OVR,Westlight Overlook,Mountain,exterior master,28mm-equivalent eye-level,clear late-morning,summer master,"reflection, town POV, sunset",5,arrival path and doorway clear,author against runtime projection; provisional horizon 56% until integration upgrade,far_bg|bg|midground|character_plane|foreground|fx|lighting|shadow,required,PLANNED-NOT-CREATED
JV-OVR-STL-EXT-MAS-GOLD-V001,JV-OVR,Westlight Overlook,Mountain,exterior master,28mm-equivalent eye-level,golden hour,summer master,"reflection, town POV, sunset",5,arrival path and doorway clear,author against runtime projection; provisional horizon 56% until integration upgrade,far_bg|bg|midground|character_plane|foreground|fx|lighting|shadow,required,PLANNED-NOT-CREATED
JV-OVR-STL-EXT-MAS-NIGHT-V001,JV-OVR,Westlight Overlook,Mountain,exterior master,28mm-equivalent eye-level,blue-hour-to-night,summer master,"reflection, town POV, sunset",5,arrival path and doorway clear,author against runtime projection; provisional horizon 56% until integration upgrade,far_bg|bg|midground|character_plane|foreground|fx|lighting|shadow,required,PLANNED-NOT-CREATED
JV-OVR-STL-EXT-REV-DAY-V001,JV-OVR,Westlight Overlook,Mountain,exterior reverse,35mm-equivalent eye-level,clear late-morning,summer master,"reflection, town POV, sunset",5,departure path and town orientation clear,author against runtime projection; provisional horizon 56% until integration upgrade,far_bg|bg|midground|character_plane|foreground|fx|lighting|shadow,required,PLANNED-NOT-CREATED
JV-OVR-STL-INT-MAS-DAY-V001,JV-OVR,Westlight Overlook,Mountain,interior or primary-area master,28mm-equivalent,clear late-morning,summer master,"reflection, town POV, sunset",5,full walkable floor and all exits visible,author against runtime projection; provisional horizon 56% until integration upgrade,far_bg|bg|midground|character_plane|foreground|fx|lighting|shadow,required,PLANNED-NOT-CREATED
JV-OVR-STL-INT-MAS-GOLD-V001,JV-OVR,Westlight Overlook,Mountain,interior or primary-area master,28mm-equivalent,golden hour,summer master,"reflection, town POV, sunset",5,full walkable floor and all exits visible,author against runtime projection; provisional horizon 56% until integration upgrade,far_bg|bg|midground|character_plane|foreground|fx|lighting|shadow,required,PLANNED-NOT-CREATED
JV-OVR-STL-INT-MAS-NIGHT-V001,JV-OVR,Westlight Overlook,Mountain,interior or primary-area master,28mm-equivalent,blue-hour-to-night,summer master,"reflection, town POV, sunset",5,full walkable floor and all exits visible,author against runtime projection; provisional horizon 56% until integration upgrade,far_bg|bg|midground|character_plane|foreground|fx|lighting|shadow,required,PLANNED-NOT-CREATED
JV-OVR-STL-INT-REV-DAY-V001,JV-OVR,Westlight Overlook,Mountain,reverse master,32mm-equivalent,clear late-morning,summer master,"reflection, town POV, sunset",5,reverse eyelines and window continuity,author against runtime projection; provisional horizon 56% until integration upgrade,far_bg|bg|midground|character_plane|foreground|fx|lighting|shadow,required,PLANNED-NOT-CREATED
JV-OVR-STL-DLG-2S-DAY-V001,JV-OVR,Westlight Overlook,Mountain,clean dialogue two-shot,50mm-equivalent,clear late-morning,summer master,"reflection, town POV, sunset",5,two 34x52-cell figures plus gesture clearance,author against runtime projection; provisional horizon 56% until integration upgrade,far_bg|bg|midground|character_plane|foreground|fx|lighting|shadow,required,PLANNED-NOT-CREATED
JV-OVR-STL-DLG-OTS-L-DAY-V001,JV-OVR,Westlight Overlook,Mountain,clean over-shoulder left,65mm-equivalent,clear late-morning,summer master,"reflection, town POV, sunset",5,left foreground occluder delivered separately,author against runtime projection; provisional horizon 56% until integration upgrade,far_bg|bg|midground|character_plane|foreground|fx|lighting|shadow,required,PLANNED-NOT-CREATED
JV-OVR-STL-DLG-OTS-R-DAY-V001,JV-OVR,Westlight Overlook,Mountain,clean over-shoulder right,65mm-equivalent,clear late-morning,summer master,"reflection, town POV, sunset",5,right foreground occluder delivered separately,author against runtime projection; provisional horizon 56% until integration upgrade,far_bg|bg|midground|character_plane|foreground|fx|lighting|shadow,required,PLANNED-NOT-CREATED
JV-OVR-STL-DLG-GRP-DAY-V001,JV-OVR,Westlight Overlook,Mountain,three-to-five group dialogue,40mm-equivalent,clear late-morning,summer master,"reflection, town POV, sunset",5,five anchors with non-crossing eyelines,author against runtime projection; provisional horizon 56% until integration upgrade,far_bg|bg|midground|character_plane|foreground|fx|lighting|shadow,required,PLANNED-NOT-CREATED
JV-OVR-STL-MOVE-LR-DAY-V001,JV-OVR,Westlight Overlook,Mountain,side-tracking movement plate,35mm orthogonal-feel,clear late-morning,summer master,"reflection, town POV, sunset",5,unbroken lateral path across 70 percent width,author against runtime projection; provisional horizon 56% until integration upgrade,far_bg|bg|midground|character_plane|foreground|fx|lighting|shadow,required,PLANNED-NOT-CREATED
JV-OVR-STL-POV-DAY-V001,JV-OVR,Westlight Overlook,Mountain,character point of view,45mm-equivalent,clear late-morning,summer master,"reflection, town POV, sunset",5,no baked character; clear focal subject,author against runtime projection; provisional horizon 56% until integration upgrade,far_bg|bg|midground|character_plane|foreground|fx|lighting|shadow,required,PLANNED-NOT-CREATED
JV-OVR-STL-INS-SGN-DAY-V001,JV-OVR,Westlight Overlook,Mountain,controlled signage insert,70mm-equivalent,clear late-morning,summer master,"reflection, town POV, sunset",5,blank sign substrate for graphic pass,author against runtime projection; provisional horizon 56% until integration upgrade,far_bg|bg|midground|character_plane|foreground|fx|lighting|shadow,required,PLANNED-NOT-CREATED
JV-OVR-STL-CLN-DAY-V001,JV-OVR,Westlight Overlook,Mountain,empty clean plate,matching master lens,clear late-morning,summer master,"reflection, town POV, sunset",5,no people or characters; restoration-ready,author against runtime projection; provisional horizon 56% until integration upgrade,far_bg|bg|midground|character_plane|foreground|fx|lighting|shadow,required,PLANNED-NOT-CREATED
JV-OVR-STL-CLN-GOLD-V001,JV-OVR,Westlight Overlook,Mountain,empty clean plate,matching master lens,golden hour,summer master,"reflection, town POV, sunset",5,no people or characters; restoration-ready,author against runtime projection; provisional horizon 56% until integration upgrade,far_bg|bg|midground|character_plane|foreground|fx|lighting|shadow,required,PLANNED-NOT-CREATED
JV-OVR-STL-CLN-NIGHT-V001,JV-OVR,Westlight Overlook,Mountain,empty clean plate,matching master lens,blue-hour-to-night,summer master,"reflection, town POV, sunset",5,no people or characters; restoration-ready,author against runtime projection; provisional horizon 56% until integration upgrade,far_bg|bg|midground|character_plane|foreground|fx|lighting|shadow,required,PLANNED-NOT-CREATED
JV-TRH-STL-EST-EW-DAY-V001,JV-TRH,Meadow Trailhead,Meadow,extreme-wide establishing,24mm-equivalent elevated,clear late-morning,summer master,"arrival, parking, gear, departures",8,large center-safe ensemble zone,author against runtime projection; provisional horizon 56% until integration upgrade,far_bg|bg|midground|character_plane|foreground|fx|lighting|shadow,required,PLANNED-NOT-CREATED
JV-TRH-STL-EST-EW-GOLD-V001,JV-TRH,Meadow Trailhead,Meadow,extreme-wide establishing,24mm-equivalent elevated,golden hour,summer master,"arrival, parking, gear, departures",8,large center-safe ensemble zone,author against runtime projection; provisional horizon 56% until integration upgrade,far_bg|bg|midground|character_plane|foreground|fx|lighting|shadow,required,PLANNED-NOT-CREATED
JV-TRH-STL-EST-EW-NIGHT-V001,JV-TRH,Meadow Trailhead,Meadow,extreme-wide establishing,24mm-equivalent elevated,blue-hour-to-night,summer master,"arrival, parking, gear, departures",8,large center-safe ensemble zone,author against runtime projection; provisional horizon 56% until integration upgrade,far_bg|bg|midground|character_plane|foreground|fx|lighting|shadow,required,PLANNED-NOT-CREATED
JV-TRH-STL-EXT-MAS-DAY-V001,JV-TRH,Meadow Trailhead,Meadow,exterior master,28mm-equivalent eye-level,clear late-morning,summer master,"arrival, parking, gear, departures",8,arrival path and doorway clear,author against runtime projection; provisional horizon 56% until integration upgrade,far_bg|bg|midground|character_plane|foreground|fx|lighting|shadow,required,PLANNED-NOT-CREATED
JV-TRH-STL-EXT-MAS-GOLD-V001,JV-TRH,Meadow Trailhead,Meadow,exterior master,28mm-equivalent eye-level,golden hour,summer master,"arrival, parking, gear, departures",8,arrival path and doorway clear,author against runtime projection; provisional horizon 56% until integration upgrade,far_bg|bg|midground|character_plane|foreground|fx|lighting|shadow,required,PLANNED-NOT-CREATED
JV-TRH-STL-EXT-MAS-NIGHT-V001,JV-TRH,Meadow Trailhead,Meadow,exterior master,28mm-equivalent eye-level,blue-hour-to-night,summer master,"arrival, parking, gear, departures",8,arrival path and doorway clear,author against runtime projection; provisional horizon 56% until integration upgrade,far_bg|bg|midground|character_plane|foreground|fx|lighting|shadow,required,PLANNED-NOT-CREATED
JV-TRH-STL-EXT-REV-DAY-V001,JV-TRH,Meadow Trailhead,Meadow,exterior reverse,35mm-equivalent eye-level,clear late-morning,summer master,"arrival, parking, gear, departures",8,departure path and town orientation clear,author against runtime projection; provisional horizon 56% until integration upgrade,far_bg|bg|midground|character_plane|foreground|fx|lighting|shadow,required,PLANNED-NOT-CREATED
JV-TRH-STL-INT-MAS-DAY-V001,JV-TRH,Meadow Trailhead,Meadow,interior or primary-area master,28mm-equivalent,clear late-morning,summer master,"arrival, parking, gear, departures",8,full walkable floor and all exits visible,author against runtime projection; provisional horizon 56% until integration upgrade,far_bg|bg|midground|character_plane|foreground|fx|lighting|shadow,required,PLANNED-NOT-CREATED
JV-TRH-STL-INT-MAS-GOLD-V001,JV-TRH,Meadow Trailhead,Meadow,interior or primary-area master,28mm-equivalent,golden hour,summer master,"arrival, parking, gear, departures",8,full walkable floor and all exits visible,author against runtime projection; provisional horizon 56% until integration upgrade,far_bg|bg|midground|character_plane|foreground|fx|lighting|shadow,required,PLANNED-NOT-CREATED
JV-TRH-STL-INT-MAS-NIGHT-V001,JV-TRH,Meadow Trailhead,Meadow,interior or primary-area master,28mm-equivalent,blue-hour-to-night,summer master,"arrival, parking, gear, departures",8,full walkable floor and all exits visible,author against runtime projection; provisional horizon 56% until integration upgrade,far_bg|bg|midground|character_plane|foreground|fx|lighting|shadow,required,PLANNED-NOT-CREATED
JV-TRH-STL-INT-REV-DAY-V001,JV-TRH,Meadow Trailhead,Meadow,reverse master,32mm-equivalent,clear late-morning,summer master,"arrival, parking, gear, departures",8,reverse eyelines and window continuity,author against runtime projection; provisional horizon 56% until integration upgrade,far_bg|bg|midground|character_plane|foreground|fx|lighting|shadow,required,PLANNED-NOT-CREATED
JV-TRH-STL-DLG-2S-DAY-V001,JV-TRH,Meadow Trailhead,Meadow,clean dialogue two-shot,50mm-equivalent,clear late-morning,summer master,"arrival, parking, gear, departures",8,two 34x52-cell figures plus gesture clearance,author against runtime projection; provisional horizon 56% until integration upgrade,far_bg|bg|midground|character_plane|foreground|fx|lighting|shadow,required,PLANNED-NOT-CREATED
JV-TRH-STL-DLG-OTS-L-DAY-V001,JV-TRH,Meadow Trailhead,Meadow,clean over-shoulder left,65mm-equivalent,clear late-morning,summer master,"arrival, parking, gear, departures",8,left foreground occluder delivered separately,author against runtime projection; provisional horizon 56% until integration upgrade,far_bg|bg|midground|character_plane|foreground|fx|lighting|shadow,required,PLANNED-NOT-CREATED
JV-TRH-STL-DLG-OTS-R-DAY-V001,JV-TRH,Meadow Trailhead,Meadow,clean over-shoulder right,65mm-equivalent,clear late-morning,summer master,"arrival, parking, gear, departures",8,right foreground occluder delivered separately,author against runtime projection; provisional horizon 56% until integration upgrade,far_bg|bg|midground|character_plane|foreground|fx|lighting|shadow,required,PLANNED-NOT-CREATED
JV-TRH-STL-DLG-GRP-DAY-V001,JV-TRH,Meadow Trailhead,Meadow,three-to-five group dialogue,40mm-equivalent,clear late-morning,summer master,"arrival, parking, gear, departures",8,five anchors with non-crossing eyelines,author against runtime projection; provisional horizon 56% until integration upgrade,far_bg|bg|midground|character_plane|foreground|fx|lighting|shadow,required,PLANNED-NOT-CREATED
JV-TRH-STL-MOVE-LR-DAY-V001,JV-TRH,Meadow Trailhead,Meadow,side-tracking movement plate,35mm orthogonal-feel,clear late-morning,summer master,"arrival, parking, gear, departures",8,unbroken lateral path across 70 percent width,author against runtime projection; provisional horizon 56% until integration upgrade,far_bg|bg|midground|character_plane|foreground|fx|lighting|shadow,required,PLANNED-NOT-CREATED
JV-TRH-STL-POV-DAY-V001,JV-TRH,Meadow Trailhead,Meadow,character point of view,45mm-equivalent,clear late-morning,summer master,"arrival, parking, gear, departures",8,no baked character; clear focal subject,author against runtime projection; provisional horizon 56% until integration upgrade,far_bg|bg|midground|character_plane|foreground|fx|lighting|shadow,required,PLANNED-NOT-CREATED
JV-TRH-STL-INS-SGN-DAY-V001,JV-TRH,Meadow Trailhead,Meadow,controlled signage insert,70mm-equivalent,clear late-morning,summer master,"arrival, parking, gear, departures",8,blank sign substrate for graphic pass,author against runtime projection; provisional horizon 56% until integration upgrade,far_bg|bg|midground|character_plane|foreground|fx|lighting|shadow,required,PLANNED-NOT-CREATED
JV-TRH-STL-CLN-DAY-V001,JV-TRH,Meadow Trailhead,Meadow,empty clean plate,matching master lens,clear late-morning,summer master,"arrival, parking, gear, departures",8,no people or characters; restoration-ready,author against runtime projection; provisional horizon 56% until integration upgrade,far_bg|bg|midground|character_plane|foreground|fx|lighting|shadow,required,PLANNED-NOT-CREATED
JV-TRH-STL-CLN-GOLD-V001,JV-TRH,Meadow Trailhead,Meadow,empty clean plate,matching master lens,golden hour,summer master,"arrival, parking, gear, departures",8,no people or characters; restoration-ready,author against runtime projection; provisional horizon 56% until integration upgrade,far_bg|bg|midground|character_plane|foreground|fx|lighting|shadow,required,PLANNED-NOT-CREATED
JV-TRH-STL-CLN-NIGHT-V001,JV-TRH,Meadow Trailhead,Meadow,empty clean plate,matching master lens,blue-hour-to-night,summer master,"arrival, parking, gear, departures",8,no people or characters; restoration-ready,author against runtime projection; provisional horizon 56% until integration upgrade,far_bg|bg|midground|character_plane|foreground|fx|lighting|shadow,required,PLANNED-NOT-CREATED
JV-ENT-STL-EST-EW-DAY-V001,JV-ENT,Joeville East Gate,Residential,extreme-wide establishing,24mm-equivalent elevated,clear late-morning,summer master,town arrival and departure,13,large center-safe ensemble zone,author against runtime projection; provisional horizon 56% until integration upgrade,far_bg|bg|midground|character_plane|foreground|fx|lighting|shadow,required,PLANNED-NOT-CREATED
JV-ENT-STL-EST-EW-GOLD-V001,JV-ENT,Joeville East Gate,Residential,extreme-wide establishing,24mm-equivalent elevated,golden hour,summer master,town arrival and departure,13,large center-safe ensemble zone,author against runtime projection; provisional horizon 56% until integration upgrade,far_bg|bg|midground|character_plane|foreground|fx|lighting|shadow,required,PLANNED-NOT-CREATED
JV-ENT-STL-EST-EW-NIGHT-V001,JV-ENT,Joeville East Gate,Residential,extreme-wide establishing,24mm-equivalent elevated,blue-hour-to-night,summer master,town arrival and departure,13,large center-safe ensemble zone,author against runtime projection; provisional horizon 56% until integration upgrade,far_bg|bg|midground|character_plane|foreground|fx|lighting|shadow,required,PLANNED-NOT-CREATED
JV-ENT-STL-EXT-MAS-DAY-V001,JV-ENT,Joeville East Gate,Residential,exterior master,28mm-equivalent eye-level,clear late-morning,summer master,town arrival and departure,13,arrival path and doorway clear,author against runtime projection; provisional horizon 56% until integration upgrade,far_bg|bg|midground|character_plane|foreground|fx|lighting|shadow,required,PLANNED-NOT-CREATED
JV-ENT-STL-EXT-MAS-GOLD-V001,JV-ENT,Joeville East Gate,Residential,exterior master,28mm-equivalent eye-level,golden hour,summer master,town arrival and departure,13,arrival path and doorway clear,author against runtime projection; provisional horizon 56% until integration upgrade,far_bg|bg|midground|character_plane|foreground|fx|lighting|shadow,required,PLANNED-NOT-CREATED
JV-ENT-STL-EXT-MAS-NIGHT-V001,JV-ENT,Joeville East Gate,Residential,exterior master,28mm-equivalent eye-level,blue-hour-to-night,summer master,town arrival and departure,13,arrival path and doorway clear,author against runtime projection; provisional horizon 56% until integration upgrade,far_bg|bg|midground|character_plane|foreground|fx|lighting|shadow,required,PLANNED-NOT-CREATED
JV-ENT-STL-EXT-REV-DAY-V001,JV-ENT,Joeville East Gate,Residential,exterior reverse,35mm-equivalent eye-level,clear late-morning,summer master,town arrival and departure,13,departure path and town orientation clear,author against runtime projection; provisional horizon 56% until integration upgrade,far_bg|bg|midground|character_plane|foreground|fx|lighting|shadow,required,PLANNED-NOT-CREATED
JV-ENT-STL-INT-MAS-DAY-V001,JV-ENT,Joeville East Gate,Residential,interior or primary-area master,28mm-equivalent,clear late-morning,summer master,town arrival and departure,13,full walkable floor and all exits visible,author against runtime projection; provisional horizon 56% until integration upgrade,far_bg|bg|midground|character_plane|foreground|fx|lighting|shadow,required,PLANNED-NOT-CREATED
JV-ENT-STL-INT-MAS-GOLD-V001,JV-ENT,Joeville East Gate,Residential,interior or primary-area master,28mm-equivalent,golden hour,summer master,town arrival and departure,13,full walkable floor and all exits visible,author against runtime projection; provisional horizon 56% until integration upgrade,far_bg|bg|midground|character_plane|foreground|fx|lighting|shadow,required,PLANNED-NOT-CREATED
JV-ENT-STL-INT-MAS-NIGHT-V001,JV-ENT,Joeville East Gate,Residential,interior or primary-area master,28mm-equivalent,blue-hour-to-night,summer master,town arrival and departure,13,full walkable floor and all exits visible,author against runtime projection; provisional horizon 56% until integration upgrade,far_bg|bg|midground|character_plane|foreground|fx|lighting|shadow,required,PLANNED-NOT-CREATED
JV-ENT-STL-INT-REV-DAY-V001,JV-ENT,Joeville East Gate,Residential,reverse master,32mm-equivalent,clear late-morning,summer master,town arrival and departure,13,reverse eyelines and window continuity,author against runtime projection; provisional horizon 56% until integration upgrade,far_bg|bg|midground|character_plane|foreground|fx|lighting|shadow,required,PLANNED-NOT-CREATED
JV-ENT-STL-DLG-2S-DAY-V001,JV-ENT,Joeville East Gate,Residential,clean dialogue two-shot,50mm-equivalent,clear late-morning,summer master,town arrival and departure,13,two 34x52-cell figures plus gesture clearance,author against runtime projection; provisional horizon 56% until integration upgrade,far_bg|bg|midground|character_plane|foreground|fx|lighting|shadow,required,PLANNED-NOT-CREATED
JV-ENT-STL-DLG-OTS-L-DAY-V001,JV-ENT,Joeville East Gate,Residential,clean over-shoulder left,65mm-equivalent,clear late-morning,summer master,town arrival and departure,13,left foreground occluder delivered separately,author against runtime projection; provisional horizon 56% until integration upgrade,far_bg|bg|midground|character_plane|foreground|fx|lighting|shadow,required,PLANNED-NOT-CREATED
JV-ENT-STL-DLG-OTS-R-DAY-V001,JV-ENT,Joeville East Gate,Residential,clean over-shoulder right,65mm-equivalent,clear late-morning,summer master,town arrival and departure,13,right foreground occluder delivered separately,author against runtime projection; provisional horizon 56% until integration upgrade,far_bg|bg|midground|character_plane|foreground|fx|lighting|shadow,required,PLANNED-NOT-CREATED
JV-ENT-STL-DLG-GRP-DAY-V001,JV-ENT,Joeville East Gate,Residential,three-to-five group dialogue,40mm-equivalent,clear late-morning,summer master,town arrival and departure,13,five anchors with non-crossing eyelines,author against runtime projection; provisional horizon 56% until integration upgrade,far_bg|bg|midground|character_plane|foreground|fx|lighting|shadow,required,PLANNED-NOT-CREATED
JV-ENT-STL-ENS-13-DAY-V001,JV-ENT,Joeville East Gate,Residential,full-cast ensemble master,28mm-equivalent,clear late-morning,summer master,town arrival and departure,13,thirteen anchors; only where capacity allows,author against runtime projection; provisional horizon 56% until integration upgrade,far_bg|bg|midground|character_plane|foreground|fx|lighting|shadow,required,PLANNED-NOT-CREATED
JV-ENT-STL-MOVE-LR-DAY-V001,JV-ENT,Joeville East Gate,Residential,side-tracking movement plate,35mm orthogonal-feel,clear late-morning,summer master,town arrival and departure,13,unbroken lateral path across 70 percent width,author against runtime projection; provisional horizon 56% until integration upgrade,far_bg|bg|midground|character_plane|foreground|fx|lighting|shadow,required,PLANNED-NOT-CREATED
JV-ENT-STL-POV-DAY-V001,JV-ENT,Joeville East Gate,Residential,character point of view,45mm-equivalent,clear late-morning,summer master,town arrival and departure,13,no baked character; clear focal subject,author against runtime projection; provisional horizon 56% until integration upgrade,far_bg|bg|midground|character_plane|foreground|fx|lighting|shadow,required,PLANNED-NOT-CREATED
JV-ENT-STL-INS-SGN-DAY-V001,JV-ENT,Joeville East Gate,Residential,controlled signage insert,70mm-equivalent,clear late-morning,summer master,town arrival and departure,13,blank sign substrate for graphic pass,author against runtime projection; provisional horizon 56% until integration upgrade,far_bg|bg|midground|character_plane|foreground|fx|lighting|shadow,required,PLANNED-NOT-CREATED
JV-ENT-STL-CLN-DAY-V001,JV-ENT,Joeville East Gate,Residential,empty clean plate,matching master lens,clear late-morning,summer master,town arrival and departure,13,no people or characters; restoration-ready,author against runtime projection; provisional horizon 56% until integration upgrade,far_bg|bg|midground|character_plane|foreground|fx|lighting|shadow,required,PLANNED-NOT-CREATED
JV-ENT-STL-CLN-GOLD-V001,JV-ENT,Joeville East Gate,Residential,empty clean plate,matching master lens,golden hour,summer master,town arrival and departure,13,no people or characters; restoration-ready,author against runtime projection; provisional horizon 56% until integration upgrade,far_bg|bg|midground|character_plane|foreground|fx|lighting|shadow,required,PLANNED-NOT-CREATED
JV-ENT-STL-CLN-NIGHT-V001,JV-ENT,Joeville East Gate,Residential,empty clean plate,matching master lens,blue-hour-to-night,summer master,town arrival and departure,13,no people or characters; restoration-ready,author against runtime projection; provisional horizon 56% until integration upgrade,far_bg|bg|midground|character_plane|foreground|fx|lighting|shadow,required,PLANNED-NOT-CREATED
